{
    "modes": [
        {
            "index": 0,
            "strictly local log-evidence": 28816.963106580137,
            "strictly local log-evidence error": 0.06299105918703513,
            "local log-evidence": 28816.963106580137,
            "local log-evidence error": 0.06299105918703513,
            "mean": [
                0.07465574201534599,
                0.03285852981296801,
                -2.944442087427215,
                415.62424777223106,
                1.3530030218600393,
                1.2850928883745991,
                -4.969064903037061,
                0.6972877637535511,
                -1.934508366503658,
                -2.3025355755360266,
                -5.6689940968607315,
                -6.346147115332579
            ],
            "sigma": [
                0.17312569638836517,
                0.1150500763279197,
                1.634112582795697,
                24.721920606142948,
                0.39793021762517194,
                0.38146561949751495,
                0.6202718862034933,
                0.06257736527077648,
                0.5426813153670721,
                0.8828417283756199,
                1.3864055800319617,
                0.9355711553375351
            ],
            "maximum": [
                0.02255502336409362,
                5.9153648821629094e-06,
                -1.9296044802916779,
                380.91254035272283,
                1.9490449677285469,
                0.9096012002604125,
                -5.896197556991785,
                0.6619873417118777,
                -1.3931239218289244,
                -1.190792657279843,
                -6.0265593042226175,
                -6.779114797566374
            ],
            "maximum a posterior": [
                0.02255502336409362,
                5.9153648821629094e-06,
                -1.9296044802916779,
                380.91254035272283,
                1.9490449677285469,
                0.9096012002604125,
                -5.896197556991785,
                0.6619873417118777,
                -1.3931239218289244,
                -1.190792657279843,
                -6.0265593042226175,
                -6.779114797566374
            ]
        }
    ],
    "nested sampling global log-evidence": 28821.162164645397,
    "nested sampling global log-evidence error": 0.2969985477236187,
    "global evidence": 28816.963106580137,
    "global evidence error": 0.06299105918703513,
    "nested importance sampling global log-evidence": 28816.963106580137,
    "nested importance sampling global log-evidence error": 0.06299105918703513,
    "marginals": [
        {
            "median": 0.003640843571645602,
            "sigma": 0.06348515553742234,
            "1sigma": [
                6.281699729221043e-05,
                0.1270331280721369
            ],
            "2sigma": [
                2.4753420873193997e-06,
                0.7185471526581337
            ],
            "3sigma": [
                1.1911014973150386e-06,
                0.9790357431140455
            ],
            "5sigma": [
                1.0303911676850565e-06,
                0.997106416338688
            ],
            "q75%": 0.048307457612191816,
            "q25%": 0.00028276672388864596,
            "q99%": 0.8809104722041965,
            "q01%": 1.5590221257671011e-06,
            "q90%": 0.23739275871562507,
            "q10%": 1.7756139274262605e-05
        },
        {
            "median": 0.00035272256904513136,
            "sigma": 0.009126111791822464,
            "1sigma": [
                1.2037567602076809e-05,
                0.018264261151247005
            ],
            "2sigma": [
                1.2509646533674587e-06,
                0.4120089863403699
            ],
            "3sigma": [
                1.0234247079379894e-06,
                0.9670009384709106
            ],
            "5sigma": [
                1.0232345773201856e-06,
                0.9952532029152352
            ],
            "q75%": 0.005573682463146867,
            "q25%": 3.090000477195478e-05,
            "q99%": 0.6135819406041384,
            "q01%": 1.166473627758507e-06,
            "q90%": 0.05653724117486559,
            "q10%": 4.847508012896027e-06
        },
        {
            "median": -2.8856556864968996,
            "sigma": 1.9101079121904332,
            "1sigma": [
                -4.833464339812345,
                -1.0132485154314783
            ],
            "2sigma": [
                -5.788981884443218,
                -0.25309221448312696
            ],
            "3sigma": [
                -5.999098543783888,
                -0.022100128202017583
            ],
            "5sigma": [
                -5.999098543783888,
                -0.019942904168778877
            ],
            "q75%": -1.6526672941959222,
            "q25%": -4.2408773980009675,
            "q99%": -0.09257182683585204,
            "q01%": -5.915296920713639,
            "q90%": -0.650532241878314,
            "q10%": -5.32164379051671
        },
        {
            "median": 415.22419845390374,
            "sigma": 23.259820450414566,
            "1sigma": [
                391.8195951447911,
                438.3392360456202
            ],
            "2sigma": [
                368.3242080999653,
                467.97466926792396
            ],
            "3sigma": [
                337.0266019840298,
                495.39270256779383
            ],
            "5sigma": [
                335.1628732724157,
                499.0595150103266
            ],
            "q75%": 431.3285557445034,
            "q25%": 399.9298488994669,
            "q99%": 482.8503304397769,
            "q01%": 356.7413062560546,
            "q90%": 446.4113147000317,
            "q10%": 384.6074659554272
        },
        {
            "median": 1.4013389793710531,
            "sigma": 0.4124904608893566,
            "1sigma": [
                0.9356500696952312,
                1.7606309914739444
            ],
            "2sigma": [
                0.49457282463524466,
                1.9728835005619476
            ],
            "3sigma": [
                0.04738164419391289,
                1.9986149570427425
            ],
            "5sigma": [
                0.038180885488576954,
                1.9986497395954668
            ],
            "q75%": 1.6703666223639073,
            "q25%": 1.09780563498291,
            "q99%": 1.9875201082314853,
            "q01%": 0.3342718752011304,
            "q90%": 1.8639653173207769,
            "q10%": 0.7764579765945362
        },
        {
            "median": 1.2878451547265566,
            "sigma": 0.43337733607796497,
            "1sigma": [
                0.8354180182058947,
                1.7021726903618246
            ],
            "2sigma": [
                0.5965982011646433,
                1.9344132344273888
            ],
            "3sigma": [
                0.2927323679500096,
                1.9858860899108384
            ],
            "5sigma": [
                0.25445804749167317,
                1.99127383951294
            ],
            "q75%": 1.5887380203108918,
            "q25%": 0.9981812199446078,
            "q99%": 1.9599332675528511,
            "q01%": 0.5232091578830136,
            "q90%": 1.8005302333584448,
            "q10%": 0.7549313410786092
        },
        {
            "median": -5.027456007963514,
            "sigma": 0.6749888466461091,
            "1sigma": [
                -5.6536946342341,
                -4.303716940941881
            ],
            "2sigma": [
                -5.907192902032883,
                -3.697228989846419
            ],
            "3sigma": [
                -5.998023838874876,
                -3.077913972463821
            ],
            "5sigma": [
                -5.998605381298854,
                -2.1018447288231035
            ],
            "q75%": -4.5185053009080995,