{
    "modes": [
        {
            "index": 0,
            "strictly local log-evidence": 28798.12728025893,
            "strictly local log-evidence error": 0.04583083695711716,
            "local log-evidence": 28798.12728025893,
            "local log-evidence error": 0.04583083695711716,
            "mean": [
                326.46397127164573,
                243.69690698800218,
                0.9616574660727192,
                -1.6583502753188573,
                0.06241315360623172,
                9.263875253721249,
                -1.037122254283071,
                2.0922624082343884,
                -1.9546045492330912,
                0.9425580996036153,
                0.6542821740428654,
                1.6596903990115963
            ],
            "sigma": [
                94.6775483628974,
                137.04713517155298,
                1.6129064938821944,
                0.949117899428639,
                0.11205299392067246,
                1.2399414609543078,
                0.6600121879713465,
                0.45695746773842,
                1.0090258358175477,
                0.044490284554340606,
                0.2376371728072515,
                0.5935547488652372
            ],
            "maximum": [
                194.1847789132965,
                324.61640707998197,
                0.31158979727008784,
                -2.59328960818054,
                0.15215018297468758,
                9.184582907789132,
                -0.3307489805223103,
                1.6156559207128744,
                -3.042318337090407,
                0.9913703410323073,
                1.1763056932617029,
                0.6854007740659115
            ],
            "maximum a posterior": [
                194.1847789132965,
                324.61640707998197,
                0.31158979727008784,
                -2.59328960818054,
                0.15215018297468758,
                9.184582907789132,
                -0.3307489805223103,
                1.6156559207128744,
                -3.042318337090407,
                0.9913703410323073,
                1.1763056932617029,
                0.6854007740659115
            ]
        }
    ],
    "nested sampling global log-evidence": 28802.66732281,
    "nested sampling global log-evidence error": 0.3129162591607939,
    "global evidence": 28798.12728025893,
    "global evidence error": 0.04583083695711716,
    "nested importance sampling global log-evidence": 28798.12728025893,
    "nested importance sampling global log-evidence error": 0.04583083695711716,
    "marginals": [
        {
            "median": 319.6558928161912,
            "sigma": 89.93891206171058,
            "1sigma": [
                237.94852014428997,
                417.82634426771114
            ],
            "2sigma": [
                152.28831686949027,
                544.2518395006572
            ],
            "3sigma": [
                78.60672109508877,
                597.2937285805789
            ],
            "5sigma": [
                78.30469623776293,
                598.3852425346745
            ],
            "q75%": 379.2474165408819,
            "q25%": 264.91718395613475,
            "q99%": 572.6462863027973,
            "q01%": 129.2476149810633,
            "q90%": 454.12015617971605,
            "q10%": 214.44352385973093
        },
        {
            "median": 237.17022449631344,
            "sigma": 145.914368915222,
            "1sigma": [
                91.66114918961051,
                383.48988702005454
            ],
            "2sigma": [
                23.023281183067034,
                546.149520560251
            ],
            "3sigma": [
                1.9751433131504272,
                593.1732864223311
            ],
            "5sigma": [
                1.9751433131504272,
                596.2533867522172
            ],
            "q75%": 325.6727462141236,
            "q25%": 133.13599580820488,
            "q99%": 571.5606996704919,
            "q01%": 9.197006473931399,
            "q90%": 434.7243637841462,
            "q10%": 68.34484329146538
        },
        {
            "median": 0.279370490817518,
            "sigma": 0.8973993308303277,
            "1sigma": [
                0.04944718051999533,
                1.844245842180651
            ],
            "2sigma": [
                0.01361169597006322,
                5.923879065246699
            ],
            "3sigma": [
                0.010396221121388508,
                9.587856506283227
            ],
            "5sigma": [
                0.010062896257026464,
                9.728981795581067
            ],
            "q75%": 0.9829934808019599,
            "q25%": 0.08764158052399727,
            "q99%": 8.112173344154378,
            "q01%": 0.011258878556040273,
            "q90%": 2.926911897828935,
            "q10%": 0.03189417771971059
        },
        {
            "median": -1.882299192262822,
            "sigma": 1.0533552108398345,
            "1sigma": [
                -2.6301775117323727,
                -0.5234670900527036
            ],
            "2sigma": [
                -2.9399500646513883,
                0.3047826127026411
            ],
            "3sigma": [
                -2.9896086769606462,
                0.8542244425693862
            ],
            "5sigma": [
                -2.9896086769606462,
                0.8569529636235731
            ],
            "q75%": -0.902027111773634,
            "q25%": -2.4186680683793043,
            "q99%": 0.7038710811702711,
            "q01%": -2.9770980681681625,
            "q90%": -0.255858845193089,
            "q10%": -2.727489067858119
        },
        {
            "median": 0.020390400055907667,
            "sigma": 0.05572953420367355,
            "1sigma": [
                0.004038864187249194,
                0.11549793259459629
            ],
            "2sigma": [
                0.0012193490603783263,
                0.3364561862936458
            ],
            "3sigma": [
                0.001003724096575665,
                0.9674421734417784
            ],
            "5sigma": [
                0.001003724096575665,
                0.9736444544521119
            ],
            "q75%": 0.07574275502245013,
            "q25%": 0.0068991199917471015,
            "q99%": 0.599917341593105,
            "q01%": 0.0011049095098255995,
            "q90%": 0.16087341346520867,
            "q10%": 0.0026215999635644588
        },
        {
            "median": 9.403027669021812,
            "sigma": 1.0966509176652028,
            "1sigma": [
                8.203692383741728,
                10.396994219072134
            ],
            "2sigma": [
                5.896911796385129,
                11.023589304445675
            ],
            "3sigma": [
                4.286178618847237,
                11.621488410805966
            ],
            "5sigma": [
                4.132925390621008,
                11.997197505313205
            ],
            "q75%": 10.111705972479426,
            "q25%": 8.749575704121808,
            "q99%": 11.191518790460124,
            "q01%": 5.343900765684388,
            "q90%": 10.611488480485837,
            "q10%": 7.6613741593451445
        },
        {
            "median": -0.881159761444632,
            "sigma": 0.4775907000854977,
            "1sigma": [
                -1.5022919622575004,
                -0.547110562086505
            ],
            "2sigma": [
                -2.9616024090201636,
                -0.2235293889332174
            ],
            "3sigma": [
                -4.319949058645917,
                -0.041563698262665455
            ],
            "5sigma": [
                -5.987387419041375,
                -0.003928201016937404
            ],
            "q75%": -0.6515532809314243,
            "q25%": -1.1851631859679956,
            "q99%": -0.14693581806701347,