{
    "modes": [
        {
            "index": 0,
            "strictly local log-evidence": 28818.262372532274,
            "strictly local log-evidence error": 0.09256699048985896,
            "local log-evidence": 28818.262372532274,
            "local log-evidence error": 0.09256699048985896,
            "mean": [
                528.5622130767775,
                -5.381054171539742,
                0.7862800706381725,
                -2.32769821710136,
                -3.0261633338681126,
                -5.758409890729354
            ],
            "sigma": [
                24.943482340329883,
                0.43357658856331655,
                0.03932552595260824,
                0.5349876220480877,
                0.956802866245065,
                1.4056546297817227
            ],
            "maximum": [
                508.825286649095,
                -5.773228374148127,
                0.7592160985057496,
                -2.0506553862181764,
                -2.1756938071626664,
                -7.74368547528981
            ],
            "maximum a posterior": [
                508.825286649095,
                -5.773228374148127,
                0.7592160985057496,
                -2.0506553862181764,
                -2.1756938071626664,
                -7.74368547528981
            ]
        }
    ],
    "nested sampling global log-evidence": 28819.34710910814,
    "nested sampling global log-evidence error": 0.22389931124136417,
    "global evidence": 28818.262372532274,
    "global evidence error": 0.09256699048985896,
    "nested importance sampling global log-evidence": 28818.262372532274,
    "nested importance sampling global log-evidence error": 0.09256699048985896,
    "marginals": [
        {
            "median": 524.2978303400897,
            "sigma": 21.613043175438094,
            "1sigma": [
                505.68053668695137,
                548.9066230378276
            ],
            "2sigma": [
                493.7845914985017,
                591.7514335442846
            ],
            "3sigma": [
                480.53078779023707,
                660.8690540158422
            ],
            "5sigma": [
                478.09059533218124,
                808.7217178250186
            ],
            "q75%": 540.4093242351154,
            "q25%": 511.3613976880983,
            "q99%": 615.791626087476,
            "q01%": 491.9891884033899,
            "q90%": 557.8520952288261,
            "q10%": 502.13210185535235
        },
        {
            "median": -5.455787165249029,
            "sigma": 0.4428453513372217,
            "1sigma": [
                -5.811174161216562,
                -4.925483458542119
            ],
            "2sigma": [
                -5.9732238503755015,
                -4.370980548815207
            ],
            "3sigma": [
                -5.995794600016653,
                -3.7554175004386163
            ],
            "5sigma": [
                -5.997446327879316,
                -2.497390285306844
            ],
            "q75%": -5.095566988159358,
            "q25%": -5.72204726785913,
            "q99%": -4.100354133604019,
            "q01%": -5.988743175715402,
            "q90%": -4.807196384517432,
            "q10%": -5.88725671740678
        },
        {
            "median": 0.7829219613656708,
            "sigma": 0.03937689330872368,
            "1sigma": [
                0.7466265728622637,
                0.8253803594797111
            ],
            "2sigma": [
                0.7168126170309118,
                0.8693516896868796
            ],
            "3sigma": [
                0.6858308522756053,
                0.9121833156902446
            ],
            "5sigma": [
                0.5946577860023097,
                0.9833015701302736
            ],
            "q75%": 0.811200250313847,
            "q25%": 0.7596889898706259,
            "q99%": 0.8894416630157308,
            "q01%": 0.7048912237425506,
            "q90%": 0.8391815827103596,
            "q10%": 0.7376761291784681
        },
        {
            "median": -2.321415609404858,
            "sigma": 0.5739573986440096,
            "1sigma": [
                -2.8837552396608443,
                -1.735840442372825
            ],
            "2sigma": [
                -3.4578998015616738,
                -1.4474551609685795
            ],
            "3sigma": [
                -4.136939399421338,
                -1.0967631753232057
            ],
            "5sigma": [
                -5.435072638353637,
                -1.0211406705297659
            ],
            "q75%": -1.9430733122222688,
            "q25%": -2.677472208086722,
            "q99%": -1.3140244668025498,
            "q01%": -3.6739987845854087,
            "q90%": -1.6364292674158747,
            "q10%": -3.0095149741032934
        },
        {
            "median": -2.9131646736289447,
            "sigma": 0.8507273255712708,
            "1sigma": [
                -3.826704362847108,
                -2.125249711704566
            ],
            "2sigma": [
                -5.370536185979498,
                -1.6783625661681585
            ],
            "3sigma": [
                -7.533740421811939,
                -1.4705708442237109
            ],
            "5sigma": [
                -7.977620349649247,
                -1.059480368493738
            ],
            "q75%": -2.344393060215838,
            "q25%": -3.470820426848373,
            "q99%": -1.5602298518935975,
            "q01%": -6.436056060560065,
            "q90%": -1.9680640727185559,
            "q10%": -4.216875278869319
        },
        {
            "median": -5.88622743625197,
            "sigma": 1.484622333773809,
            "1sigma": [
                -7.2493487059928565,
                -4.280104038445239
            ],
            "2sigma": [
                -7.839403278895844,
                -2.80685456312099
            ],
            "3sigma": [
                -7.990140790517264,
                -1.7428743779083546
            ],
            "5sigma": [
                -7.993034327679772,
                -1.036367261917122
            ],
            "q75%": -4.77211387653007,
            "q25%": -6.953017021045121,
            "q99%": -2.3666685641461336,
            "q01%": -7.951025218091755,
            "q90%": -3.758851703533531,
            "q10%": -7.573939776662475
        }
    ]
}