{
    "modes": [
        {
            "index": 0,
            "strictly local log-evidence": 28819.043252366915,
            "strictly local log-evidence error": 0.04211565233088907,
            "local log-evidence": 28819.043252366915,
            "local log-evidence error": 0.04211565233088907,
            "mean": [
                272.82877056662403,
                199.27906244663947,
                1.1468484336668658,
                -2.0441008935771317,
                0.08902772514515568,
                9.537194373556495,
                -1.0697787860529306,
                1.9975454189183925,
                -3.3918001754867664,
                0.5538357875699547,
                -1.609389034510508,
                -2.4173667964997003,
                -5.779613098795813
            ],
            "sigma": [
                67.18624810014464,
                89.28169813834103,
                1.7469171716866034,
                0.5323811206261527,
                0.1457688032011975,
                0.9288871445703899,
                0.5159295809144943,
                0.5256628334961072,
                1.4624603608037945,
                0.07571049234634868,
                0.5288604496717965,
                0.9689717620487707,
                1.2666327436498126
            ],
            "maximum": [
                299.58363798297705,
                160.0391350820796,
                0.6365939440934384,
                -2.210260790522408,
                0.0034963354795307907,
                10.553441483400663,
                -1.017061241771934,
                1.195354777027733,
                -4.790497415407161,
                0.5812408238251316,
                -1.7203870072404603,
                -2.1799968404114107,
                -6.848708316295962
            ],
            "maximum a posterior": [
                299.58363798297705,
                160.0391350820796,
                0.6365939440934384,
                -2.210260790522408,
                0.0034963354795307907,
                10.553441483400663,
                -1.017061241771934,
                1.195354777027733,
                -4.790497415407161,
                0.5812408238251316,
                -1.7203870072404603,
                -2.1799968404114107,
                -6.848708316295962
            ]
        }
    ],
    "nested sampling global log-evidence": 28823.581312212526,
    "nested sampling global log-evidence error": 0.34138010090957244,
    "global evidence": 28819.043252366915,
    "global evidence error": 0.04211565233088907,
    "nested importance sampling global log-evidence": 28819.043252366915,
    "nested importance sampling global log-evidence error": 0.04211565233088907,
    "marginals": [
        {
            "median": 283.84836578245284,
            "sigma": 66.94176847277905,
            "1sigma": [
                205.77726338543658,
                339.6608003309947
            ],
            "2sigma": [
                115.24500266906782,
                375.29685122338054
            ],
            "3sigma": [
                27.97220673216252,
                408.4264738356091
            ],
            "5sigma": [
                3.712673606751594,
                415.93055606717684
            ],
            "q75%": 322.27463520605403,
            "q25%": 227.60090691366796,
            "q99%": 386.5061652429631,
            "q01%": 93.14298659705044,
            "q90%": 351.01979921033745,
            "q10%": 176.84612377074902
        },
        {
            "median": 203.27550410585465,
            "sigma": 97.62531334700162,
            "1sigma": [
                99.82723468600896,
                295.0778613800122
            ],
            "2sigma": [
                37.24212056969283,
                367.43129317027035
            ],
            "3sigma": [
                3.3175772446805043,
                402.15329506213857
            ],
            "5sigma": [
                1.9578876181194027,
                494.919099739985
            ],
            "q75%": 264.502158304617,
            "q25%": 129.0784715976604,
            "q99%": 381.7723015353348,
            "q01%": 24.501828193879074,
            "q90%": 317.810039086348,
            "q10%": 75.31947205532839
        },
        {
            "median": 0.3941719420572945,
            "sigma": 1.0919303631307047,
            "1sigma": [
                0.0456395529800071,
                2.2295002792414165
            ],
            "2sigma": [
                0.013491951350749418,
                6.800060338644167
            ],
            "3sigma": [
                0.010067388594824362,
                9.528749987956715
            ],
            "5sigma": [
                0.010037993493532743,
                9.983536999273431
            ],
            "q75%": 1.3845079573644827,
            "q25%": 0.09817466356738376,
            "q99%": 8.36655841574814,
            "q01%": 0.011218154276835798,
            "q90%": 3.3467035529378117,
            "q10%": 0.030688573105367604
        },
        {
            "median": -2.0887673831633635,
            "sigma": 0.54945314064344,
            "1sigma": [
                -2.5918133364480553,
                -1.4929070551611754
            ],
            "2sigma": [
                -2.889815027193107,
                -0.8275757558757342
            ],
            "3sigma": [
                -2.9869443222476533,
                -0.2378533113793156
            ],
            "5sigma": [
                -2.998514643589282,
                0.21888315318767246
            ],
            "q75%": -1.6909754239713006,
            "q25%": -2.466891917053863,
            "q99%": -0.622157011738091,
            "q01%": -2.96320762962371,
            "q90%": -1.326324602282146,
            "q10%": -2.708446433361301
        },
        {
            "median": 0.030218381298970066,
            "sigma": 0.07948747052624666,
            "1sigma": [
                0.004819772427285321,
                0.16379471347977864
            ],
            "2sigma": [
                0.001453503124096706,
                0.5530078035526281
            ],
            "3sigma": [
                0.001007472907572203,
                0.9600676842640552
            ],
            "5sigma": [
                0.0010000196119998774,
                0.998995665132157
            ],
            "q75%": 0.10051396281874007,
            "q25%": 0.009354982747989028,
            "q99%": 0.7717127548693575,
            "q01%": 0.0012166923536007432,
            "q90%": 0.24729612104530307,
            "q10%": 0.0032356548470250475
        },
        {
            "median": 9.548480334884974,
            "sigma": 0.9676634589817441,
            "1sigma": [
                8.61794293223701,
                10.553269850200499
            ],
            "2sigma": [
                7.6933524216690605,
                11.167453847455082
            ],
            "3sigma": [
                6.473130740243652,
                11.79948981082139
            ],
            "5sigma": [
                5.294406598970955,
                11.98900757269408
            ],
            "q75%": 10.217337447422409,
            "q25%": 8.898115336283606,
            "q99%": 11.370984281341808,
            "q01%": 7.209257759350522,
            "q90%": 10.776056046750158,
            "q10%": 8.272332439526611
        },
        {
            "median": -0.9936550808251852,
            "sigma": 0.36749660643772025,
            "1sigma": [
                -1.4192310250267188,
                -0.6842378121512783
            ],
            "2sigma": [
                -2.3516740422696585,
                -0.28674085651746767
            ],
            "3sigma": [
                -4.287047510537357,
                -0.06876982830143848
            ],