{
    "modes": [
        {
            "index": 0,
            "strictly local log-evidence": 28817.20351915937,
            "strictly local log-evidence error": 0.039002527209845476,
            "local log-evidence": 28817.20351915937,
            "local log-evidence error": 0.039002527209845476,
            "mean": [
                527.9252800817285,
                -5.3914657667849495,
                0.7854909199228607,
                -2.335396551448427,
                -2.9893117863863488,
                -5.762275048736709,
                -6.432411213231327
            ],
            "sigma": [
                23.074330686801087,
                0.42135740870938126,
                0.04086202216461561,
                0.5200139901510141,
                0.9445763687561791,
                1.328360793766437,
                1.0041986331703594
            ],
            "maximum": [
                498.47901164118815,
                -5.994470025940025,
                0.7573116258491869,
                -2.2444021041659354,
                -2.7620671212689745,
                -6.501286459308494,
                -7.561970542295449
            ],
            "maximum a posterior": [
                498.47901164118815,
                -5.994470025940025,
                0.7573116258491869,
                -2.2444021041659354,
                -2.7620671212689745,
                -6.501286459308494,
                -7.561970542295449
            ]
        }
    ],
    "nested sampling global log-evidence": 28818.606664270417,
    "nested sampling global log-evidence error": 0.2296663863474176,
    "global evidence": 28817.20351915937,
    "global evidence error": 0.039002527209845476,
    "nested importance sampling global log-evidence": 28817.20351915937,
    "nested importance sampling global log-evidence error": 0.039002527209845476,
    "marginals": [
        {
            "median": 524.0670753725516,
            "sigma": 21.597177148982126,
            "1sigma": [
                505.7410152801339,
                548.9353695780982
            ],
            "2sigma": [
                493.8290857911014,
                578.3649674600028
            ],
            "3sigma": [
                482.08029917463153,
                642.0874418553313
            ],
            "5sigma": [
                479.9317626020075,
                742.1991806555076
            ],
            "q75%": 541.5999127013242,
            "q25%": 511.6508850391265,
            "q99%": 599.5094043692745,
            "q01%": 489.18520730604405,
            "q90%": 557.0686089279213,
            "q10%": 501.2958088860438
        },
        {
            "median": -5.448702539240043,
            "sigma": 0.45147746798657185,
            "1sigma": [
                -5.826673595789723,
                -4.923718659816579
            ],
            "2sigma": [
                -5.973994900457604,
                -4.481362557399833
            ],
            "3sigma": [
                -5.998210789016477,
                -3.8786850642368624
            ],
            "5sigma": [
                -5.999805546275998,
                -3.018711740239359
            ],
            "q75%": -5.112192075663948,
            "q25%": -5.742080606271398,
            "q99%": -4.201068537781561,
            "q01%": -5.991540563934571,
            "q90%": -4.820547860024221,
            "q10%": -5.89500162754083
        },
        {
            "median": 0.7839705254198471,
            "sigma": 0.04063294640127746,
            "1sigma": [
                0.7435823522321349,
                0.8248482450346898
            ],
            "2sigma": [
                0.711859752000319,
                0.8703615903804254
            ],
            "3sigma": [
                0.692785080262445,
                0.9317555428660866
            ],
            "5sigma": [
                0.6250874755341279,
                0.9936019677518269
            ],
            "q75%": 0.8118700349712474,
            "q25%": 0.7572016286357856,
            "q99%": 0.8898835086266175,
            "q01%": 0.703891681364842,
            "q90%": 0.838805782236557,
            "q10%": 0.7326690328535258
        },
        {
            "median": -2.2877832957859097,
            "sigma": 0.5381547072388287,
            "1sigma": [
                -2.8729863096866994,
                -1.796676895209042
            ],
            "2sigma": [
                -3.3983335960333894,
                -1.4431049463828107
            ],
            "3sigma": [
                -3.9396471527204486,
                -1.2187179542425517
            ],
            "5sigma": [
                -5.173329531877918,
                -0.9695349430472947
            ],
            "q75%": -1.9516352415793392,
            "q25%": -2.692413158315919,
            "q99%": -1.3574280686542357,
            "q01%": -3.63759031090601,
            "q90%": -1.6711873035364277,
            "q10%": -3.043877108644828
        },
        {
            "median": -2.863293901884445,
            "sigma": 0.8188933872688278,
            "1sigma": [
                -3.761317637281861,
                -2.1235308627442055
            ],
            "2sigma": [
                -5.256078335935871,
                -1.6432202780160048
            ],
            "3sigma": [
                -7.7654975049880495,
                -1.446105756484028
            ],
            "5sigma": [
                -7.992187141305832,
                -1.226445651595018
            ],
            "q75%": -2.3333156796315424,
            "q25%": -3.468799782127595,
            "q99%": -1.5625449916695482,
            "q01%": -6.22802251755663,
            "q90%": -1.8914044687141915,
            "q10%": -4.14322672047249
        },
        {
            "median": -5.863660128934855,
            "sigma": 1.4643443695614553,
            "1sigma": [
                -7.231163124994861,
                -4.3024743858719505
            ],
            "2sigma": [
                -7.851868012672135,
                -3.0572685212018182
            ],
            "3sigma": [
                -7.9825208417916285,
                -2.180760566622341
            ],
            "5sigma": [
                -7.99516378721265,
                -1.3971326834908184
            ],
            "q75%": -4.7940807852031035,
            "q25%": -6.8468173328503426,
            "q99%": -2.6394392682580192,
            "q01%": -7.925544830243274,
            "q90%": -3.9114974758304406,
            "q10%": -7.459816459159744
        },
        {
            "median": -6.5302977862876315,
            "sigma": 1.1094436374396603,
            "1sigma": [
                -7.536471908177547,
                -5.317584633298226
            ],
            "2sigma": [
                -7.911473071937341,
                -4.283936433337245
            ],
            "3sigma": [
                -7.998597410151048,
                -3.4598374128168676
            ],
            "5sigma": [
                -7.999177662602588,
                -1.7537902960978242
            ],
            "q75%": -5.747840574891373,
            "q25%": -7.278325334403868,
            "q99%": -4.102566231992786,
            "q01%": -7.974227346494238,
            "q90%": -4.974548402896574,
            "q10%": -7.69078348480073
        }
    ]
}