{
    "modes": [
        {
            "index": 0,
            "strictly local log-evidence": 28809.84952847689,
            "strictly local log-evidence error": 0.049508194668754966,
            "local log-evidence": 28809.84952847689,
            "local log-evidence error": 0.049508194668754966,
            "mean": [
                0.00022641363438353983,
                0.003638139361916254,
                -3.6098139456827014,
                306.723419015376,
                1.194949191182352,
                0.39875077204297715,
                0.1221808026742882,
                8.042373693710248,
                -3.003081071920596,
                2.0216987561958875,
                -2.3771748535320447,
                0.5330776686711297,
                -1.1458671491279282,
                -1.4925140551685825,
                -5.290611091419899,
                -6.162930147458711
            ],
            "sigma": [
                0.0008907131312555321,
                0.019502952607491762,
                1.2692111619886774,
                97.70301756963951,
                0.41713932656278235,
                0.0576276342626625,
                0.18920344338885156,
                2.017511338906068,
                1.529676121945099,
                0.4787862306741775,
                1.2726106663957255,
                0.25665915911277054,
                0.3727755894282189,
                0.6465304476539663,
                1.5241788719875207,
                1.0156877156690705
            ],
            "maximum": [
                0.00038891954998462283,
                1.2215744504975513e-06,
                -5.265072159015704,
                183.61915163134546,
                1.309500315692378,
                0.311509529581791,
                0.7772039542195924,
                4.781367840987021,
                -2.592850646690697,
                2.5089121305915554,
                -3.335338077893112,
                0.8767019680359481,
                -0.7556187034730195,
                -0.9441208981685891,
                -2.453468357533926,
                -5.982781501570729
            ],
            "maximum a posterior": [
                0.00038891954998462283,
                1.2215744504975513e-06,
                -5.265072159015704,
                183.61915163134546,
                1.309500315692378,
                0.311509529581791,
                0.7772039542195924,
                4.781367840987021,
                -2.592850646690697,
                2.5089121305915554,
                -3.335338077893112,
                0.8767019680359481,
                -0.7556187034730195,
                -0.9441208981685891,
                -2.453468357533926,
                -5.982781501570729
            ]
        }
    ],
    "nested sampling global log-evidence": 28815.481328492948,
    "nested sampling global log-evidence error": 0.3317826351566015,
    "global evidence": 28809.84952847689,
    "global evidence error": 0.049508194668754966,
    "nested importance sampling global log-evidence": 28809.84952847689,
    "nested importance sampling global log-evidence error": 0.049508194668754966,
    "marginals": [
        {
            "median": 2.8032626819144683e-05,
            "sigma": 0.0001317915799274489,
            "1sigma": [
                4.480700217347466e-06,
                0.0002680638600722452
            ],
            "2sigma": [
                1.2581264574978313e-06,
                0.0016038100393810145
            ],
            "3sigma": [
                1.0102004346266942e-06,
                0.012945181201418316
            ],
            "5sigma": [
                1.0039109507955007e-06,
                0.015635159050839523
            ],
            "q75%": 0.00012960159313349538,
            "q25%": 7.059330072843603e-06,
            "q99%": 0.002848591207666406,
            "q01%": 1.1708030838435581e-06,
            "q90%": 0.0004314664110998785,
            "q10%": 2.561355251523737e-06
        },
        {
            "median": 0.00012999130324222683,
            "sigma": 0.0014829926887789154,
            "1sigma": [
                5.631100440996233e-06,
                0.002971616477998827
            ],
            "2sigma": [
                1.2479743197127952e-06,
                0.02519539487083348
            ],
            "3sigma": [
                1.0135962121728508e-06,
                0.24636658005877343
            ],
            "5sigma": [
                1.0135962121728508e-06,
                0.35715009908591205
            ],
            "q75%": 0.0010565520311400826,
            "q25%": 1.4045248402106784e-05,
            "q99%": 0.059813212762583105,
            "q01%": 1.0932465186525797e-06,
            "q90%": 0.00474291816245025,
            "q10%": 3.1646672181893176e-06
        },
        {
            "median": -3.602473909650982,
            "sigma": 1.383608487351922,
            "1sigma": [
                -4.9928544518522475,
                -2.2256374771484033
            ],
            "2sigma": [
                -5.885494141797327,
                -1.2414647550962978
            ],
            "3sigma": [
                -5.9846665741984,
                -0.297588928038757
            ],
            "5sigma": [
                -5.992083373019316,
                -0.10042974212267029
            ],
            "q75%": -2.72115321266101,
            "q25%": -4.5573094997270545,
            "q99%": -0.9644797635274687,
            "q01%": -5.934446989452867,
            "q90%": -1.869062716461447,
            "q10%": -5.400081785726704
        },
        {
            "median": 299.8737961855851,
            "sigma": 107.88340991450254,
            "1sigma": [
                205.16567009030317,
                420.93248991930824
            ],
            "2sigma": [
                137.88750527578281,
                483.1408016630133
            ],
            "3sigma": [
                74.23412416327287,
                498.4320309730769
            ],
            "5sigma": [
                68.9200960072506,
                498.6209321695405
            ],
            "q75%": 381.1312086836368,
            "q25%": 233.1123016040952,
            "q99%": 493.50651561238465,
            "q01%": 106.6696132507384,
            "q90%": 442.82126094158923,
            "q10%": 175.06031379733528
        },
        {
            "median": 1.2291529955439409,
            "sigma": 0.4555492717494234,
            "1sigma": [
                0.7181528710290739,
                1.6292514145279207
            ],
            "2sigma": [
                0.3842371754466092,
                1.9167503425927919
            ],
            "3sigma": [
                0.20385506322258498,
                1.9921397143190611
            ],
            "5sigma": [
                0.18224440500829353,
                1.9993301291579244
            ],
            "q75%": 1.5074222603866854,
            "q25%": 0.8895655372099833,
            "q99%": 1.9367380188839938,
            "q01%": 0.32093865924506937,
            "q90%": 1.7570085526069474,
            "q10%": 0.6145051954814391
        },
        {
            "median": 0.40526829504972095,
            "sigma": 0.05835065285955321,
            "1sigma": [
                0.33894817360740176,
                0.4556494793265082
            ],
            "2sigma": [
                0.2709234138129021,
                0.4928159539124956
            ],
            "3sigma": [
                0.20461821440474304,
                0.5190345642177404
            ],
            "5sigma": [
                0.18669304854520574,
                0.5395597503629804
            ],
            "q75%": 0.4429670342841635,
            "q25%": 0.36060777267649646,
            "q99%": 0.5071638373140879,
            "q01%": 0.2542136903592882,
            "q90%": 0.46657160279244025,