{
    "modes": [
        {
            "index": 0,
            "strictly local log-evidence": 28543.267776434,
            "strictly local log-evidence error": 0.07158840441440506,
            "local log-evidence": 28543.267776434,
            "local log-evidence error": 0.07158840441440506,
            "mean": [
                875.5332623262035,
                13.681828266196717,
                -0.353629219316418,
                -2.10567211665711,
                -1.6400720729300742
            ],
            "sigma": [
                3.648647036169776,
                1.0767779557863528,
                0.006201341880558302,
                0.20776549906628242,
                0.11196893962965686
            ],
            "maximum": [
                878.7663786646425,
                14.454886403715674,
                -0.35822740900863614,
                -2.0469173095942432,
                -1.5207678722916116
            ],
            "maximum a posterior": [
                878.7663786646425,
                14.454886403715674,
                -0.35822740900863614,
                -2.0469173095942432,
                -1.5207678722916116
            ]
        }
    ],
    "nested sampling global log-evidence": 28543.584214967577,
    "nested sampling global log-evidence error": 0.6255702165182063,
    "global evidence": 28543.267776434,
    "global evidence error": 0.07158840441440506,
    "nested importance sampling global log-evidence": 28543.267776434,
    "nested importance sampling global log-evidence error": 0.07158840441440506,
    "marginals": [
        {
            "median": 876.1752420473262,
            "sigma": 3.1763596649540204,
            "1sigma": [
                872.1215679000045,
                878.4742872299125
            ],
            "2sigma": [
                866.65482034304,
                879.8603003318702
            ],
            "3sigma": [
                861.0776456146766,
                889.7301285187716
            ],
            "5sigma": [
                847.8432687174018,
                889.8319760960738
            ],
            "q75%": 877.9541311808098,
            "q25%": 873.9969942636827,
            "q99%": 885.7752982024307,
            "q01%": 864.6147824348128,
            "q90%": 878.7576807610993,
            "q10%": 870.2705645274855
        },
        {
            "median": 13.979379341100566,
            "sigma": 0.7790801981450821,
            "1sigma": [
                12.957726802901577,
                14.515887199191742
            ],
            "2sigma": [
                10.316888718671896,
                14.895352825954184
            ],
            "3sigma": [
                8.857912011080773,
                14.992080745073169
            ],
            "5sigma": [
                5.617374314530088,
                14.99389714121757
            ],
            "q75%": 14.356038245678036,
            "q25%": 13.306011570190213,
            "q99%": 14.974606039513175,
            "q01%": 9.564793108119249,
            "q90%": 14.657226115442294,
            "q10%": 12.519023451901907
        },
        {
            "median": -0.3550503948050107,
            "sigma": 0.004555918316288821,
            "1sigma": [
                -0.35830393885250683,
                -0.3491921022199292
            ],
            "2sigma": [
                -0.36140267832521283,
                -0.33361518558275277
            ],
            "3sigma": [
                -0.3679420391066866,
                -0.31871831773663345
            ],
            "5sigma": [
                -0.371452593760481,
                -0.3179741150934955
            ],
            "q75%": -0.3509040883976859,
            "q25%": -0.3570377906815752,
            "q99%": -0.3270739462186477,
            "q01%": -0.3625268175953983,
            "q90%": -0.34730227223206567,
            "q10%": -0.35935276369282537
        },
        {
            "median": -2.07819196552853,
            "sigma": 0.18912577417828424,
            "1sigma": [
                -2.2982964589479797,
                -1.9200449105914112
            ],
            "2sigma": [
                -2.603496453601691,
                -1.7984032604658968
            ],
            "3sigma": [
                -3.074807799300311,
                -1.7140957200536133
            ],
            "5sigma": [
                -3.993009876465002,
                -1.7109252084262898
            ],
            "q75%": -1.962351866632143,
            "q25%": -2.1942934747940672,
            "q99%": -1.7802784073566613,
            "q01%": -2.810673605219397,
            "q90%": -1.8841565485955094,
            "q10%": -2.3835707296969675
        },
        {
            "median": -1.6247788386024085,
            "sigma": 0.09088379906923183,
            "1sigma": [
                -1.7220147430510302,
                -1.5402471449125665
            ],
            "2sigma": [
                -1.9218765178739887,
                -1.5131063514058964
            ],
            "3sigma": [
                -2.4676757389017063,
                -1.4967872164164648
            ],
            "5sigma": [
                -4.484149189891943,
                -1.3856383300811719
            ],
            "q75%": -1.5729158362791769,
            "q25%": -1.6815352334890508,
            "q99%": -1.5031533851991286,
            "q01%": -2.1244528474979747,
            "q90%": -1.527716495010086,
            "q10%": -1.7532962960668046
        }
    ]
}