{
    "modes": [
        {
            "index": 0,
            "strictly local log-evidence": 28814.30007973798,
            "strictly local log-evidence error": 0.0344379617957024,
            "local log-evidence": 28814.30007973798,
            "local log-evidence error": 0.0344379617957024,
            "mean": [
                495.8683556146248,
                0.029248709953680743,
                10.910176503526811,
                -0.39641952271391656,
                2.0447641714556974,
                -2.402246481685985,
                0.8086255859203083,
                -2.000006459031243,
                -5.560001454718612,
                -6.181997477982022
            ],
            "sigma": [
                7.528340178188113,
                0.04762800620803593,
                0.6205065209093273,
                0.21726559065546222,
                0.5267889848932991,
                1.3621846384236733,
                0.030972075594033397,
                0.47206748485046,
                1.4459523601571491,
                1.0643022176888572
            ],
            "maximum": [
                499.4523119199441,
                0.0014263970902742328,
                11.779959689346834,
                -0.5267388842766536,
                2.1808042893896302,
                -1.9560295257873506,
                0.7918797360096016,
                -2.4236345045212992,
                -6.411676219368017,
                -7.089585139331025
            ],
            "maximum a posterior": [
                499.4523119199441,
                0.0014263970902742328,
                11.779959689346834,
                -0.5267388842766536,
                2.1808042893896302,
                -1.9560295257873506,
                0.7918797360096016,
                -2.4236345045212992,
                -6.411676219368017,
                -7.089585139331025
            ]
        }
    ],
    "nested sampling global log-evidence": 28817.64673943418,
    "nested sampling global log-evidence error": 0.34630317457063314,
    "global evidence": 28814.30007973798,
    "global evidence error": 0.0344379617957024,
    "nested importance sampling global log-evidence": 28814.30007973798,
    "nested importance sampling global log-evidence error": 0.0344379617957024,
    "marginals": [
        {
            "median": 495.54663233288005,
            "sigma": 7.547230451217189,
            "1sigma": [
                488.30109359235746,
                503.39555449479184
            ],
            "2sigma": [
                481.8206407913751,
                511.35111406034247
            ],
            "3sigma": [
                472.8780732460255,
                517.0856258936133
            ],
            "5sigma": [
                458.94332967822123,
                563.4781943327799
            ],
            "q75%": 500.67736274491665,
            "q25%": 490.56604948024574,
            "q99%": 515.2182122823275,
            "q01%": 479.1986876157896,
            "q90%": 505.66075389335083,
            "q10%": 486.810664568209
        },
        {
            "median": 0.011106552378936973,
            "sigma": 0.026769902973994203,
            "1sigma": [
                0.002373125684289184,
                0.05591293163227759
            ],
            "2sigma": [
                0.0012593419046099178,
                0.17789970430784072
            ],
            "3sigma": [
                0.0010282197699315939,
                0.31423626638516466
            ],
            "5sigma": [
                0.0010282197699315939,
                0.8771012509555396
            ],
            "q75%": 0.03305825154496229,
            "q25%": 0.0033006263495957526,
            "q99%": 0.2391542562205327,
            "q01%": 0.0010953595808408077,
            "q90%": 0.07598239008768691,
            "q10%": 0.0017445044536640725
        },
        {
            "median": 10.935819796325164,
            "sigma": 0.7116829380077521,
            "1sigma": [
                10.193058673579884,
                11.616424549595388
            ],
            "2sigma": [
                9.742366466968281,
                11.898896304163268
            ],
            "3sigma": [
                9.418994708316308,
                11.992734727315948
            ],
            "5sigma": [
                9.347526515868386,
                11.993660103077868
            ],
            "q75%": 11.441246541494518,
            "q25%": 10.426098064825501,
            "q99%": 11.951796731367365,
            "q01%": 9.569025032763392,
            "q90%": 11.69799217315171,
            "q10%": 10.024784029081067
        },
        {
            "median": -0.3878428641533212,
            "sigma": 0.237492660352772,
            "1sigma": [
                -0.6265615926730841,
                -0.1515762719675401
            ],
            "2sigma": [
                -0.811598523806622,
                -0.03450414917647841
            ],
            "3sigma": [
                -1.0282475503878503,
                -0.002781712202105193
            ],
            "5sigma": [
                -2.2566401656488266,
                -0.0011975630607286203
            ],
            "q75%": -0.23471499625904033,
            "q25%": -0.5473957532426227,
            "q99%": -0.015381413620467915,
            "q01%": -0.9067892821579727,
            "q90%": -0.0923015515384169,
            "q10%": -0.7014190743036807
        },
        {
            "median": 2.0330633546227634,
            "sigma": 0.6017818089298217,
            "1sigma": [
                1.4695570702929048,
                2.673120688152548
            ],
            "2sigma": [
                1.11646012020577,
                2.9607327580182234
            ],
            "3sigma": [
                1.0581329217548119,
                2.9926898040861873
            ],
            "5sigma": [
                1.0580087075034366,
                2.995883205491254
            ],
            "q75%": 2.4706017330354975,
            "q25%": 1.6069049963716242,
            "q99%": 2.9768590068288665,
            "q01%": 1.0740641646724118,
            "q90%": 2.802130985873952,
            "q10%": 1.3151746861951903
        },
        {
            "median": -2.3307257662965193,
            "sigma": 1.5699899604970533,
            "1sigma": [
                -4.020457417545982,
                -0.8804774965518756
            ],
            "2sigma": [
                -4.810790559924954,
                -0.18964201028280236
            ],
            "3sigma": [
                -4.999415286036458,
                -0.05992343652806252
            ],
            "5sigma": [
                -4.999415286036458,
                -0.0021341590947168967
            ],
            "q75%": -1.1965436458325633,
            "q25%": -3.5630234144914974,
            "q99%": -0.11263467307972978,
            "q01%": -4.929559763625692,
            "q90%": -0.5920009776482731,
            "q10%": -4.273107505602459
        },
        {
            "median": 0.8071586351057013,
            "sigma": 0.03171165594475789,
            "1sigma": [
                0.7771022269071531,
                0.8405255387966689
            ],
            "2sigma": [
                0.7488145408416251,
                0.8679962292049174
            ],
            "3sigma": [
                0.7172986859444008,
                0.9111796301987791
            ],
            "5sigma": [
                0.6277249238947671,
                0.9340335397768351
            ],
            "q75%": 0.8308046968616719,
            "q25%": 0.7859743055765773,
            "q99%": 0.884638097417011,
            "q01%": 0.744762099250894,
            "q90%": 0.8466866677046759,
            "q10%": 0.768681442860602
        },
        {
            "median": -1.9799860502485533,
            "sigma": 0.49824710266114924,