{
    "modes": [
        {
            "index": 0,
            "strictly local log-evidence": 28817.67242244235,
            "strictly local log-evidence error": 0.06248172673525608,
            "local log-evidence": 28817.67242244235,
            "local log-evidence error": 0.06248172673525608,
            "mean": [
                503.4801200517204,
                0.025091900251440095,
                11.107354785445786,
                -0.4964397267576704,
                2.0232177521922043,
                -2.694884452316546,
                0.7706130908938926,
                -2.248165656120065,
                -3.0920270133382397,
                -6.390615925921099
            ],
            "sigma": [
                8.506843834678982,
                0.044592530866869436,
                0.5682073688790011,
                0.2714726099713817,
                0.5189362218672168,
                1.3571702895541868,
                0.028243996807926726,
                0.46242370023299556,
                0.9159706178707062,
                0.9351367049279825
            ],
            "maximum": [
                499.7947386859833,
                0.006018949958988949,
                11.43322860925095,
                -0.6672298937280772,
                1.5605739843286464,
                -4.67160926188926,
                0.7809432334486718,
                -2.1780012237435438,
                -2.6271477471171476,
                -7.599784014823726
            ],
            "maximum a posterior": [
                499.7947386859833,
                0.006018949958988949,
                11.43322860925095,
                -0.6672298937280772,
                1.5605739843286464,
                -4.67160926188926,
                0.7809432334486718,
                -2.1780012237435438,
                -2.6271477471171476,
                -7.599784014823726
            ]
        }
    ],
    "nested sampling global log-evidence": 28820.154896857617,
    "nested sampling global log-evidence error": 0.36781280449427445,
    "global evidence": 28817.67242244235,
    "global evidence error": 0.06248172673525608,
    "nested importance sampling global log-evidence": 28817.67242244235,
    "nested importance sampling global log-evidence error": 0.06248172673525608,
    "marginals": [
        {
            "median": 503.0751534300386,
            "sigma": 7.63665594705688,
            "1sigma": [
                495.53739425528846,
                510.8107061494022
            ],
            "2sigma": [
                488.00295411156077,
                521.4912587497333
            ],
            "3sigma": [
                478.883392493676,
                546.7230610463666
            ],
            "5sigma": [
                465.4347510661823,
                627.0109094101826
            ],
            "q75%": 508.2089908026916,
            "q25%": 498.0058196851551,
            "q99%": 526.748472080717,
            "q01%": 485.68045045500395,
            "q90%": 512.9779934991668,
            "q10%": 493.8440243841325
        },
        {
            "median": 0.008278450739878901,
            "sigma": 0.022052191338805763,
            "1sigma": [
                0.002274029871383774,
                0.0463784125489953
            ],
            "2sigma": [
                0.0011429520691945225,
                0.14082951378821712
            ],
            "3sigma": [
                0.0010004185585921234,
                0.37635821228400707
            ],
            "5sigma": [
                0.0010004185585921234,
                0.5620524824982388
            ],
            "q75%": 0.026894324944762227,
            "q25%": 0.003416192099027754,
            "q99%": 0.20298292025359072,
            "q01%": 0.0010329312663377077,
            "q90%": 0.06878153786817055,
            "q10%": 0.0018366974155237827
        },
        {
            "median": 11.188755034234989,
            "sigma": 0.6380707038882552,
            "1sigma": [
                10.419720391142961,
                11.695861798919472
            ],
            "2sigma": [
                9.906218658251591,
                11.955037123690579
            ],
            "3sigma": [
                9.657664451809335,
                11.995968765258496
            ],
            "5sigma": [
                9.537454335510722,
                11.99623286835279
            ],
            "q75%": 11.57279332122902,
            "q25%": 10.726105966084294,
            "q99%": 11.985821768502543,
            "q01%": 9.760417089883706,
            "q90%": 11.800105400965998,
            "q10%": 10.312838960218276
        },
        {
            "median": -0.4933387001830614,
            "sigma": 0.2605321409801715,
            "1sigma": [
                -0.743109252368581,
                -0.22204497040823806
            ],
            "2sigma": [
                -1.0170997158934103,
                -0.037593591570052313
            ],
            "3sigma": [
                -2.048509908165058,
                -0.0031702534965845626
            ],
            "5sigma": [
                -3.480986854830349,
                -0.002849058681774026
            ],
            "q75%": -0.307864399077069,
            "q25%": -0.6663150971586211,
            "q99%": -0.023294666448579828,
            "q01%": -1.156479141386633,
            "q90%": -0.17266313338577116,
            "q10%": -0.8254672170888917
        },
        {
            "median": 2.0080382427713603,
            "sigma": 0.5973957582375086,
            "1sigma": [
                1.4146330159067138,
                2.609424532381731
            ],
            "2sigma": [
                1.1478763155376284,
                2.9327901807086874
            ],
            "3sigma": [
                1.050004690366989,
                2.9989394749495886
            ],
            "5sigma": [
                1.050004690366989,
                2.9996849613268854
            ],
            "q75%": 2.421102502823453,
            "q25%": 1.587716128940382,
            "q99%": 2.9809037845564372,
            "q01%": 1.072909245421603,
            "q90%": 2.764538501188851,
            "q10%": 1.3224782078068007
        },
        {
            "median": -2.755450155717997,
            "sigma": 1.5739119562941577,
            "1sigma": [
                -4.269930187638076,
                -1.1221062750497608
            ],
            "2sigma": [
                -4.837332310129469,
                -0.21345021040723042
            ],
            "3sigma": [
                -4.967085289983122,
                -0.024282067214885628
            ],
            "5sigma": [
                -4.998776417185259,
                -0.014792783961763362
            ],
            "q75%": -1.6573850797129095,
            "q25%": -3.8719223173038766,
            "q99%": -0.07417682596938538,
            "q01%": -4.953530032410865,
            "q90%": -0.7288751201642063,
            "q10%": -4.521139701405383
        },
        {
            "median": 0.7716595696384286,
            "sigma": 0.02799103487411747,
            "1sigma": [
                0.7419800568112276,
                0.7979621265594625
            ],
            "2sigma": [
                0.7151302362402803,
                0.8264848047713889
            ],
            "3sigma": [
                0.6815403587539036,
                0.8641064692065268
            ],
            "5sigma": [
                0.5735153434387813,
                0.9236404987034066
            ],
            "q75%": 0.7896924626824251,
            "q25%": 0.7511828575735425,
            "q99%": 0.8349511446791634,
            "q01%": 0.7026682798586485,
            "q90%": 0.8053711423101428,
            "q10%": 0.735549764275777
        },
        {
            "median": -2.2288330607622204,
            "sigma": 0.4863432540644128,