{
    "modes": [
        {
            "index": 0,
            "strictly local log-evidence": 28811.177982439596,
            "strictly local log-evidence error": 0.09384528915510051,
            "local log-evidence": 28811.177982439596,
            "local log-evidence error": 0.09384528915510051,
            "mean": [
                0.0006504399745948517,
                0.004403081530134012,
                -4.560413958723311,
                221.48509891968092,
                0.03591626132981112,
                -0.27225565058898926,
                -1.0441833467022703,
                -1.5728736240265968,
                -5.113677153455821,
                -6.209934083882301
            ],
            "sigma": [
                0.0035475676989875317,
                0.03222783777828872,
                0.7537343394210732,
                63.111220537870565,
                1.6941791985771908,
                0.08378351930502781,
                0.25859843067998545,
                0.5609027174387964,
                1.582263670529211,
                1.0394962464658288
            ],
            "maximum": [
                0.000586956912701675,
                1.0118154893568287e-06,
                -3.639842002309009,
                271.15165941062753,
                -0.9334165920192392,
                -0.23670202246117755,
                -0.9247751766231938,
                -0.8754829767389749,
                -6.2892922874764965,
                -5.660478322644547
            ],
            "maximum a posterior": [
                0.000586956912701675,
                1.0118154893568287e-06,
                -3.639842002309009,
                271.15165941062753,
                -0.9334165920192392,
                -0.23670202246117755,
                -0.9247751766231938,
                -0.8754829767389749,
                -6.2892922874764965,
                -5.660478322644547
            ]
        }
    ],
    "nested sampling global log-evidence": 28814.466354379794,
    "nested sampling global log-evidence error": 0.25268422336011476,
    "global evidence": 28811.177982439596,
    "global evidence error": 0.09384528915510051,
    "nested importance sampling global log-evidence": 28811.177982439596,
    "nested importance sampling global log-evidence error": 0.09384528915510051,
    "marginals": [
        {
            "median": 0.0003033718020909282,
            "sigma": 0.0003534626368992641,
            "1sigma": [
                4.7806110889750476e-05,
                0.0007547313846882786
            ],
            "2sigma": [
                5.380363136874758e-06,
                0.001861040725932043
            ],
            "3sigma": [
                1.1101775543047022e-06,
                0.05899328575830676
            ],
            "5sigma": [
                1.038314130718125e-06,
                0.081268341336
            ],
            "q75%": 0.0005870242679663123,
            "q25%": 9.108456192745793e-05,
            "q99%": 0.004720577478050427,
            "q01%": 2.3473726054306402e-06,
            "q90%": 0.0009470417215307846,
            "q10%": 2.5352574329196076e-05
        },
        {
            "median": 2.4966099463250598e-05,
            "sigma": 0.0009652485387109761,
            "1sigma": [
                2.143680547300906e-06,
                0.0019326407579692531
            ],
            "2sigma": [
                1.1083933922798408e-06,
                0.02890907201525628
            ],
            "3sigma": [
                1.004531611237984e-06,
                0.41311492401962246
            ],
            "5sigma": [
                1.001704200094222e-06,
                0.9032991377896965
            ],
            "q75%": 0.0006841641850148042,
            "q25%": 3.438282636893766e-06,
            "q99%": 0.09767879404714137,
            "q01%": 1.0322008293065658e-06,
            "q90%": 0.0038832187487827753,
            "q10%": 1.681207042394512e-06
        },
        {
            "median": -4.576117273929617,
            "sigma": 0.8020452738331854,
            "1sigma": [
                -5.378652561979885,
                -3.774562014313514
            ],
            "2sigma": [
                -5.8677270855327155,
                -3.076385992636909
            ],
            "3sigma": [
                -5.984550723080968,
                -2.4040784718982446
            ],
            "5sigma": [
                -5.9924144947447315,
                -2.019327782871776
            ],
            "q75%": -4.029574363407178,
            "q25%": -5.127223162727106,
            "q99%": -2.806015120428816,
            "q01%": -5.926396713288019,
            "q90%": -3.557279095990286,
            "q10%": -5.54487961410024
        },
        {
            "median": 217.71884532899597,
            "sigma": 70.15383540596737,
            "1sigma": [
                153.38397058980436,
                293.6916414017391
            ],
            "2sigma": [
                110.97304288424999,
                339.127937920071
            ],
            "3sigma": [
                101.24448186336713,
                348.81410254223863
            ],
            "5sigma": [
                100.58032867231869,
                349.7812771083164
            ],
            "q75%": 271.2511389641036,
            "q25%": 171.79785215669372,
            "q99%": 345.2520570609686,
            "q01%": 105.73401241450036,
            "q90%": 312.3266531499413,
            "q10%": 137.40002850565284
        },
        {
            "median": -0.0865765253521608,
            "sigma": 1.957227792105303,
            "1sigma": [
                -1.9067354993341503,
                2.0077200848764556
            ],
            "2sigma": [
                -2.7131279255556695,
                2.8143941191225377
            ],
            "3sigma": [
                -2.985187617954452,
                2.9925949635285485
            ],
            "5sigma": [
                -2.989436527015137,
                2.998972726509111
            ],
            "q75%": 1.4945395995590252,
            "q25%": -1.4347535757030785,
            "q99%": 2.920262994960149,
            "q01%": -2.8765858105986517,
            "q90%": 2.382676270353167,
            "q10%": -2.190971541556542
        },
        {
            "median": -0.2746546432523763,
            "sigma": 0.04133210230014921,
            "1sigma": [
                -0.32333059883693716,
                -0.24066639423663874
            ],
            "2sigma": [
                -0.3703283848522322,
                -0.1906068664054224
            ],
            "3sigma": [
                -0.413210422272472,
                0.3939646649945771
            ],
            "5sigma": [
                -0.4272581082493779,
                0.4137020775135846
            ],
            "q75%": -0.2505822147721016,
            "q25%": -0.30829341380352837,
            "q99%": 0.2989293112459344,
            "q01%": -0.3866749775689842,
            "q90%": -0.2337908013293698,
            "q10%": -0.33720973432495593
        },
        {
            "median": -1.0100220093043242,
            "sigma": 0.24519663959318794,
            "1sigma": [
                -1.2861036438321771,
                -0.7957103646458012
            ],
            "2sigma": [
                -1.6692654267429101,
                -0.6387058227758764
            ],
            "3sigma": [
                -2.0538495086362256,
                -0.5370816078381158
            ],
            "5sigma": [
                -3.3025868162505647,
                -0.3462267791042812
            ],
            "q75%": -0.8579336210842777,
            "q25%": -1.1884681300682307,
            "q99%": -0.5956262734769082,
            "q01%": -1.8498998601655186,
            "q90%": -0.7398647143127356,
            "q10%": -1.3785927121245298
        },
        {
            "median": -1.451442650658795,