{
    "modes": [
        {
            "index": 0,
            "strictly local log-evidence": 28818.108647218116,
            "strictly local log-evidence error": 0.0659408355561247,
            "local log-evidence": 28818.108647218116,
            "local log-evidence error": 0.0659408355561247,
            "mean": [
                273.8831328095998,
                187.62479858089475,
                1.0370729262705711,
                -1.9993770484689644,
                0.08591881352628676,
                9.55392211984608,
                -1.0495029643312987,
                2.0527235000428914,
                -3.411129174132457,
                0.5597941175500002,
                -1.453351704900982,
                -2.116747960607183,
                -5.653865805626392,
                -6.496473090651328
            ],
            "sigma": [
                74.8820755133141,
                96.44744449501034,
                1.7446566300282405,
                0.6221232934778028,
                0.14663875144791788,
                0.9272869279564259,
                0.5274070619454995,
                0.5176896017347392,
                1.5722077936473862,
                0.07390361596006656,
                0.48587374496846913,
                0.865152520151882,
                1.3804855738721176,
                0.85093878762516
            ],
            "maximum": [
                301.26033309764927,
                242.59684905387613,
                0.0790037507778118,
                -2.332988630640121,
                0.014033315512691552,
                9.870955680783887,
                -0.9052688850827986,
                2.680658897576946,
                -4.985494587298834,
                0.5479758657416431,
                -1.6421232944017632,
                -2.410733164114797,
                -6.553361867733864,
                -5.512904023105453
            ],
            "maximum a posterior": [
                301.26033309764927,
                242.59684905387613,
                0.0790037507778118,
                -2.332988630640121,
                0.014033315512691552,
                9.870955680783887,
                -0.9052688850827986,
                2.680658897576946,
                -4.985494587298834,
                0.5479758657416431,
                -1.6421232944017632,
                -2.410733164114797,
                -6.553361867733864,
                -5.512904023105453
            ]
        }
    ],
    "nested sampling global log-evidence": 28823.64898050501,
    "nested sampling global log-evidence error": 0.3465182306040457,
    "global evidence": 28818.108647218116,
    "global evidence error": 0.0659408355561247,
    "nested importance sampling global log-evidence": 28818.108647218116,
    "nested importance sampling global log-evidence error": 0.0659408355561247,
    "marginals": [
        {
            "median": 281.7344965985947,
            "sigma": 77.69547766092596,
            "1sigma": [
                193.5033220378182,
                348.8942773596701
            ],
            "2sigma": [
                108.93819811250624,
                394.6203856448378
            ],
            "3sigma": [
                60.37667984053326,
                444.16927509383487
            ],
            "5sigma": [
                0.13253203730286423,
                448.6054498059808
            ],
            "q75%": 332.9432675490855,
            "q25%": 227.05032672503145,
            "q99%": 411.83098121117234,
            "q01%": 87.3302405508093,
            "q90%": 362.94630408074204,
            "q10%": 164.1316767954228
        },
        {
            "median": 191.4048371768334,
            "sigma": 105.57345262436537,
            "1sigma": [
                79.22751492944812,
                290.37442017817887
            ],
            "2sigma": [
                13.150773728858379,
                364.7148580729023
            ],
            "3sigma": [
                3.205095335126255,
                398.4471519253887
            ],
            "5sigma": [
                0.9401183725074029,
                464.40567603749946
            ],
            "q75%": 261.36532094432766,
            "q25%": 108.67007279314493,
            "q99%": 378.48665243718403,
            "q01%": 6.530045255140271,
            "q90%": 320.16969383561855,
            "q10%": 58.06475128813721
        },
        {
            "median": 0.26649367483743575,
            "sigma": 1.0280890117972075,
            "1sigma": [
                0.034149063219784725,
                2.0903270868141997
            ],
            "2sigma": [
                0.011953799832325925,
                6.5355346160875
            ],
            "3sigma": [
                0.010129950078029063,
                9.427804940892802
            ],
            "5sigma": [
                0.010019616595509269,
                9.538914695879614
            ],
            "q75%": 1.0744572779097576,
            "q25%": 0.05939193623690794,
            "q99%": 8.057355751560012,
            "q01%": 0.010803550774249604,
            "q90%": 3.3879378221408434,
            "q10%": 0.022780794512598068
        },
        {
            "median": -2.061283996511611,
            "sigma": 0.6271752900560127,
            "1sigma": [
                -2.6524365791802555,
                -1.3980859990682302
            ],
            "2sigma": [
                -2.9324284118115447,
                -0.5183564542405648
            ],
            "3sigma": [
                -2.9990878584075773,
                0.20274996253513095
            ],
            "5sigma": [
                -2.999552455251131,
                0.6097282228066359
            ],
            "q75%": -1.6317718945500606,
            "q25%": -2.482244618863749,
            "q99%": -0.258755366827643,
            "q01%": -2.982991966825526,
            "q90%": -1.1395336421238362,
            "q10%": -2.758119155111116
        },
        {
            "median": 0.02444536977654025,
            "sigma": 0.07794432548567312,
            "1sigma": [
                0.004233686141290361,
                0.1601223371126366
            ],
            "2sigma": [
                0.0014726311010620967,
                0.535703886125793
            ],
            "3sigma": [
                0.0011134681478749138,
                0.9411749377721139
            ],
            "5sigma": [
                0.0010454507763763804,
                0.9917761305822881
            ],
            "q75%": 0.08756291084642084,
            "q25%": 0.007010709961530724,
            "q99%": 0.7206500513901768,
            "q01%": 0.0012593784538787016,
            "q90%": 0.26115323464993107,
            "q10%": 0.002833333666825274
        },
        {
            "median": 9.669859944697615,
            "sigma": 0.9491881944695901,
            "1sigma": [
                8.559194923287775,
                10.457571312226955
            ],
            "2sigma": [
                7.693492826559566,
                11.139439007081089
            ],
            "3sigma": [
                6.33816864054898,
                11.819483948293355
            ],
            "5sigma": [
                4.825372980894157,
                11.998256419123358
            ],
            "q75%": 10.239733840401865,
            "q25%": 8.911184894104458,
            "q99%": 11.294425273334978,
            "q01%": 7.228581720409082,
            "q90%": 10.683555335934535,
            "q10%": 8.262009452202614
        },
        {
            "median": -0.9834755079308936,
            "sigma": 0.35113720542424276,
            "1sigma": [
                -1.3608081448709033,
                -0.6585337340224178
            ],
            "2sigma": [
                -2.390560565283396,
                -0.24637554844587756
            ],