{
    "modes": [
        {
            "index": 0,
            "strictly local log-evidence": 28815.18328183345,
            "strictly local log-evidence error": 0.07776028816104581,
            "local log-evidence": 28815.18328183345,
            "local log-evidence error": 0.07776028816104581,
            "mean": [
                286.9416789633276,
                158.75446695976854,
                1.1039056553145408,
                -2.154639780435662,
                0.07871424452620726,
                9.486224161652338,
                -0.893971779422535,
                2.051930019062059,
                -4.117010940828496,
                0.6312973862382077,
                -1.4530093358924114,
                -5.5124797351177826,
                -6.540732811389461
            ],
            "sigma": [
                52.021040211539336,
                80.59288203251577,
                1.809197747603537,
                0.47722988758761625,
                0.14458437698168872,
                0.8764318370648975,
                0.3480217205198999,
                0.536717070976261,
                1.322480451639496,
                0.06385731443151706,
                0.46528895557400957,
                1.4039859176185754,
                0.9092643789085001
            ],
            "maximum": [
                276.4847668697454,
                149.41806099520744,
                4.237247166619284,
                -2.0769280213480426,
                0.0027525002011054406,
                10.656886155770435,
                -0.6268038642790863,
                1.7845806232611152,
                -4.99874182813744,
                0.6470658021501973,
                -1.326192475173034,
                -6.615813959232178,
                -6.978501617541214
            ],
            "maximum a posterior": [
                276.4847668697454,
                149.41806099520744,
                4.237247166619284,
                -2.0769280213480426,
                0.0027525002011054406,
                10.656886155770435,
                -0.6268038642790863,
                1.7845806232611152,
                -4.99874182813744,
                0.6470658021501973,
                -1.326192475173034,
                -6.615813959232178,
                -6.978501617541214
            ]
        }
    ],
    "nested sampling global log-evidence": 28819.682690938844,
    "nested sampling global log-evidence error": 0.36739906100104924,
    "global evidence": 28815.18328183345,
    "global evidence error": 0.07776028816104581,
    "nested importance sampling global log-evidence": 28815.18328183345,
    "nested importance sampling global log-evidence error": 0.07776028816104581,
    "marginals": [
        {
            "median": 296.05834743624007,
            "sigma": 50.81955937709964,
            "1sigma": [
                236.11838895182473,
                337.757507706024
            ],
            "2sigma": [
                161.64608819926806,
                362.01953613257785
            ],
            "3sigma": [
                87.1853165198489,
                392.0714876554535
            ],
            "5sigma": [
                13.315024574122202,
                454.952901776138
            ],
            "q75%": 324.94183671629594,
            "q25%": 254.71716621160775,
            "q99%": 368.6264909187073,
            "q01%": 125.39248655704655,
            "q90%": 346.58121520811426,
            "q10%": 219.3666545686391
        },
        {
            "median": 153.8132812148435,
            "sigma": 89.72922188850568,
            "1sigma": [
                70.79541331147891,
                250.25385708849026
            ],
            "2sigma": [
                18.112841243154698,
                304.45804816096745
            ],
            "3sigma": [
                2.38676538177988,
                350.9318978282849
            ],
            "5sigma": [
                0.5499434580158071,
                434.18605240408993
            ],
            "q75%": 225.00105865497468,
            "q25%": 96.47557061980727,
            "q99%": 330.71043560945805,
            "q01%": 4.791951641774311,
            "q90%": 266.1600002000163,
            "q10%": 48.59937854355824
        },
        {
            "median": 0.2716729783314706,
            "sigma": 1.16590150608632,
            "1sigma": [
                0.044271805183644236,
                2.3760748173562845
            ],
            "2sigma": [
                0.014011484384678122,
                7.18565208765688
            ],
            "3sigma": [
                0.010297670399991948,
                9.350151447386892
            ],
            "5sigma": [
                0.010097446577232504,
                9.768288279146171
            ],
            "q75%": 1.1899018752252186,
            "q25%": 0.07141206422752976,
            "q99%": 8.294468024926292,
            "q01%": 0.01183855502516857,
            "q90%": 3.547694564682815,
            "q10%": 0.030220134182742563
        },
        {
            "median": -2.2293358656778057,
            "sigma": 0.4727316117700635,
            "1sigma": [
                -2.6220814631841636,
                -1.6766182396440366
            ],
            "2sigma": [
                -2.9094425275948557,
                -1.1697605396592285
            ],
            "3sigma": [
                -2.9905345677022144,
                -0.1121997658194181
            ],
            "5sigma": [
                -2.9957416619694057,
                0.06472315311270635
            ],
            "q75%": -1.8208988910340507,
            "q25%": -2.5069231708972364,
            "q99%": -0.7818564001473857,
            "q01%": -2.9613536564214686,
            "q90%": -1.5290901163812813,
            "q10%": -2.7385716125669988
        },
        {
            "median": 0.020413186029744252,
            "sigma": 0.0736355665618241,
            "1sigma": [
                0.0029894996032484343,
                0.15026063272689663
            ],
            "2sigma": [
                0.0012101449452956241,
                0.5686170194653085
            ],
            "3sigma": [
                0.0010313289135912326,
                0.9204080294962789
            ],
            "5sigma": [
                0.001005520770893308,
                0.9566962872371073
            ],
            "q75%": 0.07690857293619202,
            "q25%": 0.005166487878190312,
            "q99%": 0.7410153802981035,
            "q01%": 0.00110719422349859,
            "q90%": 0.2162997629006161,
            "q10%": 0.0021963929306287365
        },
        {
            "median": 9.56497987258505,
            "sigma": 0.9006691420500932,
            "1sigma": [
                8.607008082271498,
                10.408346366371685
            ],
            "2sigma": [
                7.662291492058924,
                10.94354396614208
            ],
            "3sigma": [
                6.057952037431644,
                11.46202133290003
            ],
            "5sigma": [
                4.718207681038497,
                11.99088681713789
            ],
            "q75%": 10.152419911459916,
            "q25%": 8.83496455235094,
            "q99%": 11.078837050468694,
            "q01%": 7.3359345603243975,
            "q90%": 10.622806430586438,
            "q10%": 8.314195401266982
        },
        {
            "median": -0.8537480561311795,
            "sigma": 0.25453421805517573,
            "1sigma": [
                -1.1358906043348187,
                -0.6268221682244672
            ],
            "2sigma": [
                -1.72663417652981,
                -0.36901545563350907
            ],
            "3sigma": [
                -3.2666194410957305,
                -0.08346483879057899
            ],