{
    "modes": [
        {
            "index": 0,
            "strictly local log-evidence": 28818.88848798721,
            "strictly local log-evidence error": 0.07584934615033095,
            "local log-evidence": 28818.88848798721,
            "local log-evidence error": 0.07584934615033095,
            "mean": [
                528.6122887448049,
                -5.394240042164857,
                0.7852939722943278,
                -2.373599014322276,
                -2.9435784790807147
            ],
            "sigma": [
                24.722141746307685,
                0.44472608903196065,
                0.04030648507955858,
                0.545277999673904,
                0.8630288201950788
            ],
            "maximum": [
                503.279796266328,
                -5.921735264971351,
                0.7560457003256685,
                -2.3096419432483817,
                -2.387979116807143
            ],
            "maximum a posterior": [
                503.279796266328,
                -5.921735264971351,
                0.7560457003256685,
                -2.3096419432483817,
                -2.387979116807143
            ]
        }
    ],
    "nested sampling global log-evidence": 28820.015650281923,
    "nested sampling global log-evidence error": 0.21880200229996274,
    "global evidence": 28818.88848798721,
    "global evidence error": 0.07584934615033095,
    "nested importance sampling global log-evidence": 28818.88848798721,
    "nested importance sampling global log-evidence error": 0.07584934615033095,
    "marginals": [
        {
            "median": 523.6517713218356,
            "sigma": 23.218703280605126,
            "1sigma": [
                505.6565209830157,
                552.093927544226
            ],
            "2sigma": [
                493.17733181715164,
                587.6147665035405
            ],
            "3sigma": [
                479.5279779926574,
                643.2056931024604
            ],
            "5sigma": [
                467.2359303178224,
                850.6986122071519
            ],
            "q75%": 543.1067994657726,
            "q25%": 511.1508351112066,
            "q99%": 607.5853870334574,
            "q01%": 488.7206242082809,
            "q90%": 561.7390679697869,
            "q10%": 501.92439810889726
        },
        {
            "median": -5.48669281729682,
            "sigma": 0.46982724810080345,
            "1sigma": [
                -5.847987914718561,
                -4.908333418516954
            ],
            "2sigma": [
                -5.977474885051445,
                -4.39091366544768
            ],
            "3sigma": [
                -5.998215188017259,
                -3.71245895279318
            ],
            "5sigma": [
                -5.999383741554301,
                -2.0667395756778975
            ],
            "q75%": -5.1134886841899325,
            "q25%": -5.7604138705436725,
            "q99%": -4.1957686867184805,
            "q01%": -5.991635120055333,
            "q90%": -4.736719639327294,
            "q10%": -5.904381382726139
        },
        {
            "median": 0.7818595904217873,
            "sigma": 0.03874253760397872,
            "1sigma": [
                0.7478943031297627,
                0.8253793783377201
            ],
            "2sigma": [
                0.7089894278928457,
                0.8742912032194683
            ],
            "3sigma": [
                0.6814547163087904,
                0.9266017936264919
            ],
            "5sigma": [
                0.6003572298039944,
                0.9826614581961535
            ],
            "q75%": 0.8101086044282726,
            "q25%": 0.7579153368331992,
            "q99%": 0.8904873362193968,
            "q01%": 0.700081192794313,
            "q90%": 0.8392444735925187,
            "q10%": 0.7369997570626745
        },
        {
            "median": -2.349399304866363,
            "sigma": 0.558082025840267,
            "1sigma": [
                -2.919610640329873,
                -1.8034465886493392
            ],
            "2sigma": [
                -3.4746968098090023,
                -1.3947836493265844
            ],
            "3sigma": [
                -4.027161027780159,
                -1.1786798008183228
            ],
            "5sigma": [
                -5.17793954373912,
                -1.061652194444842
            ],
            "q75%": -1.9760922519963977,
            "q25%": -2.7505294771250712,
            "q99%": -1.273071170643401,
            "q01%": -3.637957111536791,
            "q90%": -1.6682205421643055,
            "q10%": -3.0961004516688537
        },
        {
            "median": -2.830830391578321,
            "sigma": 0.7812590881184769,
            "1sigma": [
                -3.7025162660454964,
                -2.1399980898085427
            ],
            "2sigma": [
                -4.938504464310795,
                -1.5977061712578473
            ],
            "3sigma": [
                -7.010574254510729,
                -1.2921159920313918
            ],
            "5sigma": [
                -7.924651792964342,
                -1.1436144228479792
            ],
            "q75%": -2.376381935938744,
            "q25%": -3.4054154064921915,
            "q99%": -1.4690487211893655,
            "q01%": -5.795395336011881,
            "q90%": -1.90388338891297,
            "q10%": -4.109738793145197
        }
    ]
}