{
    "modes": [
        {
            "index": 0,
            "strictly local log-evidence": 28773.916859469537,
            "strictly local log-evidence error": 0.029359169315862695,
            "local log-evidence": 28773.916859469537,
            "local log-evidence error": 0.029359169315862695,
            "mean": [
                0.671851162925759,
                0.0638526036668913,
                0.5722948199997702,
                -2.0745374892212274,
                434.4458719273024,
                1.5273653103750326,
                0.13534408095598832,
                0.1340941820258765,
                9.448736710826457,
                -2.206542745985494,
                2.4754321646057234,
                -2.4973487786677246,
                0.3228260644278975,
                -0.7695885313507133,
                -1.9254846704789172,
                -5.995113162658593,
                -0.9874392493946149
            ],
            "sigma": [
                0.01685615837399089,
                0.15664560752871248,
                0.17839910194556188,
                0.7905598614038682,
                32.35181301976703,
                0.27189498052121575,
                0.009139807430413796,
                0.19439903469168326,
                1.557687858872239,
                0.8841429618452402,
                0.29491189696026265,
                1.1827372223286174,
                0.16531928029269183,
                0.14089904109000195,
                0.43857239525392494,
                1.2348158910757985,
                0.11480183642192335
            ],
            "maximum": [
                0.6817493035733899,
                0.16064255653204046,
                0.33678302139152505,
                -2.5492505517710873,
                457.09197784488555,
                1.9473297571393522,
                0.13441845052461493,
                0.25790162005247397,
                8.496765871432885,
                -1.2324869499407427,
                2.948459682498381,
                -0.9228844060004615,
                0.2043285222639524,
                -0.529438350039344,
                -1.476066797499131,
                -2.7353483052468457,
                -1.1011621934635025
            ],
            "maximum a posterior": [
                0.6817493035733899,
                0.16064255653204046,
                0.33678302139152505,
                -2.5492505517710873,
                457.09197784488555,
                1.9473297571393522,
                0.13441845052461493,
                0.25790162005247397,
                8.496765871432885,
                -1.2324869499407427,
                2.948459682498381,
                -0.9228844060004615,
                0.2043285222639524,
                -0.529438350039344,
                -1.476066797499131,
                -2.7353483052468457,
                -1.1011621934635025
            ]
        }
    ],
    "nested sampling global log-evidence": 28776.562443536506,
    "nested sampling global log-evidence error": 0.5919683461281732,
    "global evidence": 28773.916859469537,
    "global evidence error": 0.029359169315862695,
    "nested importance sampling global log-evidence": 28773.916859469537,
    "nested importance sampling global log-evidence error": 0.029359169315862695,
    "marginals": [
        {
            "median": 0.6716359485984799,
            "sigma": 0.01639680367568075,
            "1sigma": [
                0.6555030822510303,
                0.6882966896023918
            ],
            "2sigma": [
                0.6374817212594561,
                0.7041468603516252
            ],
            "3sigma": [
                0.6181266563107883,
                0.7315420495782778
            ],
            "5sigma": [
                0.6147485191191845,
                0.7893659326539335
            ],
            "q75%": 0.6828453584284708,
            "q25%": 0.6612286107244066,
            "q99%": 0.7100790650761811,
            "q01%": 0.633367737069369,
            "q90%": 0.6924200867789646,
            "q10%": 0.6497566050061655
        },
        {
            "median": 0.004735015446496382,
            "sigma": 0.04766156255437778,
            "1sigma": [
                0.000172167976717489,
                0.09549529308547304
            ],
            "2sigma": [
                6.917711417242426e-06,
                0.6555234686605792
            ],
            "3sigma": [
                1.5027888898257776e-06,
                0.9646377107188069
            ],
            "5sigma": [
                1.5007218098167959e-06,
                0.9702690805988965
            ],
            "q75%": 0.034601493815586574,
            "q25%": 0.00044836778117314106,
            "q99%": 0.8073464491158144,
            "q01%": 2.8800943073350676e-06,
            "q90%": 0.18021543945062882,
            "q10%": 7.156431457616267e-05
        },
        {
            "median": 0.5737070170912204,
            "sigma": 0.19344938294351682,
            "1sigma": [
                0.38118754414864686,
                0.7680863100356805
            ],
            "2sigma": [
                0.23833475211478086,
                0.9195971406518124
            ],
            "3sigma": [
                0.10241371402035208,
                0.9942457834287702
            ],
            "5sigma": [
                0.03205100394743297,
                0.9987302863063702
            ],
            "q75%": 0.6985511165420834,
            "q25%": 0.4404194702376479,
            "q99%": 0.9567505468085051,
            "q01%": 0.1798956826856488,
            "q90%": 0.8144152701043852,
            "q10%": 0.3407547243444703
        },
        {
            "median": -2.0200192587618138,
            "sigma": 0.8234804838775376,
            "1sigma": [
                -2.941862614641563,
                -1.2949016468864878
            ],
            "2sigma": [
                -3.5747150505196412,
                -0.47223997316022165
            ],
            "3sigma": [
                -3.968969158782436,
                -0.07778181486961776
            ],
            "5sigma": [
                -4.59604754853806,
                -0.07730310968674876
            ],
            "q75%": -1.5601337883844462,
            "q25%": -2.6489079569342184,
            "q99%": -0.2709976552448961,
            "q01%": -3.7643634397551256,
            "q90%": -0.9935584726880562,
            "q10%": -3.1080974824976177
        },
        {
            "median": 440.6895572593094,
            "sigma": 34.27891769764517,
            "1sigma": [
                398.12392321587214,
                466.6817586111625
            ],
            "2sigma": [
                363.6222485877266,
                485.8342773603351
            ],
            "3sigma": [
                332.6317235281872,
                498.64000207044904
            ],
            "5sigma": [
                332.6317235281872,
                498.6406893482946
            ],
            "q75%": 458.689956478547,
            "q25%": 412.5247248244317,
            "q99%": 492.6876325305255,
            "q01%": 348.2529140279757,
            "q90%": 473.05127417944396,
            "q10%": 389.50392891781576
        },
        {
            "median": 1.5790431213462723,
            "sigma": 0.2834378998598184,
            "1sigma": [
                1.2343882998644762,
                1.801264099584113
            ],
            "2sigma": [
                0.9493774977622498,
                1.947283992466921
            ],
            "3sigma": [
                0.6919576063724391,
                1.9941300438510237
            ],
            "5sigma": [
                0.3739315986816543,
                1.9944545446469055
            ],
            "q75%": 1.7421397445724964,
            "q25%": 1.330346733703384,
            "q99%": 1.9709113998015522,
            "q01%": 0.8344236573931143,