{
    "modes": [
        {
            "index": 0,
            "strictly local log-evidence": 28819.68354989836,
            "strictly local log-evidence error": 0.12898551333420039,
            "local log-evidence": 28819.68354989836,
            "local log-evidence error": 0.12898551333420039,
            "mean": [
                286.0290101806963,
                161.87175296623897,
                1.169619028616964,
                -2.103801458859926,
                0.08373171944149574,
                9.490692773482985,
                -1.172303042551572,
                2.0541228608196693,
                -3.4550394282713035,
                0.5488018812236735,
                -1.7635131812387967,
                -2.6394970362950714
            ],
            "sigma": [
                59.6497444054046,
                85.33251434480633,
                1.887342298002823,
                0.49782032358020106,
                0.14118810063436205,
                0.946060316906334,
                0.6140003231548079,
                0.515662887312599,
                1.494460208698136,
                0.06990385892181328,
                0.4916558770258837,
                1.0146147572625805
            ],
            "maximum": [
                309.21079938676996,
                183.93419759332278,
                0.1653221805166234,
                -2.2510061754218467,
                0.0013134803078671104,
                10.987887173475189,
                -0.9756988386351466,
                1.1532816530091192,
                -4.879605876436205,
                0.573290736851861,
                -1.387548917835491,
                -2.0594241901299517
            ],
            "maximum a posterior": [
                309.21079938676996,
                183.93419759332278,
                0.1653221805166234,
                -2.2510061754218467,
                0.0013134803078671104,
                10.987887173475189,
                -0.9756988386351466,
                1.1532816530091192,
                -4.879605876436205,
                0.573290736851861,
                -1.387548917835491,
                -2.0594241901299517
            ]
        }
    ],
    "nested sampling global log-evidence": 28823.683734751776,
    "nested sampling global log-evidence error": 0.3424343793985517,
    "global evidence": 28819.68354989836,
    "global evidence error": 0.12898551333420039,
    "nested importance sampling global log-evidence": 28819.68354989836,
    "nested importance sampling global log-evidence error": 0.12898551333420039,
    "marginals": [
        {
            "median": 293.57584631448896,
            "sigma": 54.33206355156214,
            "1sigma": [
                233.86118746516124,
                342.5253145682855
            ],
            "2sigma": [
                143.95387507535486,
                373.1737630223274
            ],
            "3sigma": [
                13.218256911426218,
                434.5586644111897
            ],
            "5sigma": [
                1.0851036782774894,
                453.0900938263534
            ],
            "q75%": 330.6182569523738,
            "q25%": 251.99829283913095,
            "q99%": 381.34309000610733,
            "q01%": 93.83890467727473,
            "q90%": 353.77800447389035,
            "q10%": 206.17277123301312
        },
        {
            "median": 158.4229847889461,
            "sigma": 94.00659982620311,
            "1sigma": [
                65.78945890362336,
                253.80265855602957
            ],
            "2sigma": [
                19.43750510578047,
                326.50625826452057
            ],
            "3sigma": [
                3.404398871751958,
                435.61569807391413
            ],
            "5sigma": [
                0.6101579035802212,
                471.79436160860985
            ],
            "q75%": 224.2670737060837,
            "q25%": 95.2726418968845,
            "q99%": 352.6630201021864,
            "q01%": 9.646016725483863,
            "q90%": 276.8689192577573,
            "q10%": 47.160206339489044
        },
        {
            "median": 0.3141458656145722,
            "sigma": 1.139274053540744,
            "1sigma": [
                0.04248469227956091,
                2.3210327993610487
            ],
            "2sigma": [
                0.014227035337847077,
                7.221149455923592
            ],
            "3sigma": [
                0.010067635552118417,
                9.816814235278516
            ],
            "5sigma": [
                0.010034623468830479,
                9.938097379840778
            ],
            "q75%": 1.3490049514248161,
            "q25%": 0.08157244636297109,
            "q99%": 9.15910919688147,
            "q01%": 0.011195970481917816,
            "q90%": 3.62052768942075,
            "q10%": 0.029927459748783757
        },
        {
            "median": -2.160645493508591,
            "sigma": 0.4944279280121907,
            "1sigma": [
                -2.605859733498317,
                -1.6170038774739355
            ],
            "2sigma": [
                -2.90280161746762,
                -1.00454655010936
            ],
            "3sigma": [
                -2.9933776777614756,
                -0.4465256741433013
            ],
            "5sigma": [
                -2.9973418752030883,
                0.2902931181105752
            ],
            "q75%": -1.7808515028266887,
            "q25%": -2.4688977702317234,
            "q99%": -0.8148317848774067,
            "q01%": -2.9608443947122223,
            "q90%": -1.4156875657952865,
            "q10%": -2.7337170050673905
        },
        {
            "median": 0.027686767439708816,
            "sigma": 0.07384723343656618,
            "1sigma": [
                0.004242712214028957,
                0.15193717908716134
            ],
            "2sigma": [
                0.0014247787646886002,
                0.537737186956308
            ],
            "3sigma": [
                0.0010244714888574598,
                0.9750195711287416
            ],
            "5sigma": [
                0.0010067961262921505,
                0.9886120674280906
            ],
            "q75%": 0.0918978624259317,
            "q25%": 0.0075836402761365294,
            "q99%": 0.7087915759646486,
            "q01%": 0.0011971658329998265,
            "q90%": 0.22689021881437416,
            "q10%": 0.003095159132478942
        },
        {
            "median": 9.586439513210692,
            "sigma": 0.9657412900315716,
            "1sigma": [
                8.519911095055251,
                10.451393675118394
            ],
            "2sigma": [
                7.393987714911449,
                11.044410830307923
            ],
            "3sigma": [
                5.902152971949643,
                11.585811598788826
            ],
            "5sigma": [
                4.528139522813304,
                11.917684309202034
            ],
            "q75%": 10.167001102764093,
            "q25%": 8.906172369851673,
            "q99%": 11.224947994339344,
            "q01%": 6.574514087939894,
            "q90%": 10.63119650974836,
            "q10%": 8.270576285440617
        },
        {
            "median": -1.0365573620603288,
            "sigma": 0.4003362647572945,
            "1sigma": [
                -1.5360511239339691,
                -0.7353785944193801
            ],
            "2sigma": [
                -2.765939961335944,
                -0.4234817287723904
            ],
            "3sigma": [
                -4.956000482581831,
                -0.05837091775670666
            ],
            "5sigma": [
                -5.817040101075772,
                -0.015533124000429863
            ],
            "q75%": -0.8369162239110095,
            "q25%": -1.3463578313571827,
            "q99%": -0.1965320650669539,