{
    "modes": [
        {
            "index": 0,
            "strictly local log-evidence": 28799.043904958224,
            "strictly local log-evidence error": 0.09814415737023524,
            "local log-evidence": 28799.043904958224,
            "local log-evidence error": 0.09814415737023524,
            "mean": [
                247.89235712061372,
                125.0431304315032,
                0.9202466848877382,
                -2.1342237357873515,
                0.04347146649897766,
                9.708745402212175,
                -0.8290093347707865,
                1.9364628224480676,
                -2.3183461563617347,
                0.9499383946009576,
                -4.793969367356599,
                -4.407550511309924,
                -5.281296214344263
            ],
            "sigma": [
                57.75590402178248,
                66.31882159695382,
                1.605892658770012,
                0.6753859971810056,
                0.07024475565883503,
                0.779187685620465,
                0.3754365797395347,
                0.4992131367596823,
                1.231134150926413,
                0.040929761493460615,
                1.6857119532587908,
                1.8296786380019434,
                1.7562529139837653
            ],
            "maximum": [
                297.5465346692892,
                158.49983241938435,
                0.6126621973969713,
                -2.8063735042389992,
                0.0023730788918187497,
                10.723526972064317,
                -0.9179882236969474,
                1.9865472043251386,
                -1.0320131860256776,
                0.9988775128857447,
                -2.9668450685160392,
                -5.058314352989192,
                -5.622966199247889
            ],
            "maximum a posterior": [
                297.5465346692892,
                158.49983241938435,
                0.6126621973969713,
                -2.8063735042389992,
                0.0023730788918187497,
                10.723526972064317,
                -0.9179882236969474,
                1.9865472043251386,
                -1.0320131860256776,
                0.9988775128857447,
                -2.9668450685160392,
                -5.058314352989192,
                -5.622966199247889
            ]
        }
    ],
    "nested sampling global log-evidence": 28803.290286374242,
    "nested sampling global log-evidence error": 0.312583214122762,
    "global evidence": 28799.043904958224,
    "global evidence error": 0.09814415737023524,
    "nested importance sampling global log-evidence": 28799.043904958224,
    "nested importance sampling global log-evidence error": 0.09814415737023524,
    "marginals": [
        {
            "median": 262.8236328611961,
            "sigma": 57.47011238716706,
            "1sigma": [
                186.70404524584097,
                301.6442700201751
            ],
            "2sigma": [
                109.07889762172877,
                320.4901776403332
            ],
            "3sigma": [
                29.257938433863888,
                333.3565729814277
            ],
            "5sigma": [
                0.6887503831430997,
                339.406851541407
            ],
            "q75%": 293.26364100982767,
            "q25%": 216.89624903689295,
            "q99%": 326.9947047398508,
            "q01%": 84.11122112727338,
            "q90%": 308.744043911278,
            "q10%": 164.4912525611471
        },
        {
            "median": 125.68215439398311,
            "sigma": 75.20375331205369,
            "1sigma": [
                47.50866130060783,
                197.9161679247152
            ],
            "2sigma": [
                10.64538821313193,
                236.9719341849176
            ],
            "3sigma": [
                0.7319914497427573,
                287.7554002305159
            ],
            "5sigma": [
                0.48594332259552675,
                447.20002804583567
            ],
            "q75%": 176.4371706884542,
            "q25%": 72.71370683200192,
            "q99%": 262.905305994326,
            "q01%": 2.7234791192426675,
            "q90%": 211.42559708533437,
            "q10%": 28.864785888033346
        },
        {
            "median": 0.22736623885205107,
            "sigma": 0.8380831272244873,
            "1sigma": [
                0.033276830831209435,
                1.709443085280184
            ],
            "2sigma": [
                0.012913386283220168,
                7.031469757684289
            ],
            "3sigma": [
                0.0101991663610015,
                9.794172575611535
            ],
            "5sigma": [
                0.0101991663610015,
                9.891131797280213
            ],
            "q75%": 1.0268933199333428,
            "q25%": 0.06814284276274307,
            "q99%": 7.819310077370778,
            "q01%": 0.010977003043918394,
            "q90%": 2.5035200609229937,
            "q10%": 0.024252471085610704
        },
        {
            "median": -2.317552096152375,
            "sigma": 0.6898792545107773,
            "1sigma": [
                -2.7878269167151637,
                -1.4080684076936092
            ],
            "2sigma": [
                -2.949774671735334,
                -0.4146202290820215
            ],
            "3sigma": [
                -2.9986879818119587,
                0.32420735925784805
            ],
            "5sigma": [
                -2.9986879818119587,
                0.8271703010129899
            ],
            "q75%": -1.769326108407998,
            "q25%": -2.6698768814827134,
            "q99%": -0.2198064508592939,
            "q01%": -2.9845859640452503,
            "q90%": -1.168858247721291,
            "q10%": -2.8451349149225096
        },
        {
            "median": 0.013617295991772449,
            "sigma": 0.04020676680202157,
            "1sigma": [
                0.0028375576496511307,
                0.08325109125369427
            ],
            "2sigma": [
                0.0011623042726751176,
                0.265306680415177
            ],
            "3sigma": [
                0.0010037707551278318,
                0.48265793743110874
            ],
            "5sigma": [
                0.0010037707551278318,
                0.9217457430224673
            ],
            "q75%": 0.05040813148337491,
            "q25%": 0.004565362014463387,
            "q99%": 0.3371496740944723,
            "q01%": 0.0010666611423669132,
            "q90%": 0.1204510745304285,
            "q10%": 0.002043928403693016
        },
        {
            "median": 9.74368634615619,
            "sigma": 0.8116534153248605,
            "1sigma": [
                8.908531458393862,
                10.531838289043582
            ],
            "2sigma": [
                8.224356225262792,
                11.05475039273739
            ],
            "3sigma": [
                6.838436797331241,
                11.491640957225531
            ],
            "5sigma": [
                4.965308307724712,
                11.992868270688149
            ],
            "q75%": 10.324731727825824,
            "q25%": 9.142196840522653,
            "q99%": 11.142502952435164,
            "q01%": 7.840410731763453,
            "q90%": 10.739187185629262,
            "q10%": 8.736519198916953
        },
        {
            "median": -0.8349443125712543,
            "sigma": 0.3415336290734568,
            "1sigma": [
                -1.1470593145218728,
                -0.4639920563749592
            ],
            "2sigma": [
                -1.534910735196868,
                -0.10002136307259267
            ],
            "3sigma": [
                -3.0416373093443165,
                -0.038700200926994145
            ],