{
    "modes": [
        {
            "index": 0,
            "strictly local log-evidence": 28706.842068177648,
            "strictly local log-evidence error": 0.05374355534383969,
            "local log-evidence": 28706.842068177648,
            "local log-evidence error": 0.05374355534383969,
            "mean": [
                537.8460495821297,
                5.239445778463145,
                0.8174574049333238,
                -0.15881492664513847,
                -0.3282775380410927,
                -0.29591237401879816,
                -0.13463521860105584
            ],
            "sigma": [
                16.850117761755726,
                2.23024118879864,
                0.41561728436152917,
                0.04458855725113327,
                0.1545392851557458,
                0.1874825065682956,
                0.028718237143963432
            ],
            "maximum": [
                558.8535241702834,
                3.73602454823582,
                1.2860788912843586,
                -0.15314387846148403,
                -0.4206359497261323,
                -0.13904666095705043,
                -0.1375920747988788
            ],
            "maximum a posterior": [
                558.8535241702834,
                3.73602454823582,
                1.2860788912843586,
                -0.15314387846148403,
                -0.4206359497261323,
                -0.13904666095705043,
                -0.1375920747988788
            ]
        }
    ],
    "nested sampling global log-evidence": 28709.3314335406,
    "nested sampling global log-evidence error": 0.6387604518684328,
    "global evidence": 28706.842068177648,
    "global evidence error": 0.05374355534383969,
    "nested importance sampling global log-evidence": 28706.842068177648,
    "nested importance sampling global log-evidence error": 0.05374355534383969,
    "marginals": [
        {
            "median": 532.81846283813,
            "sigma": 17.826472151592384,
            "1sigma": [
                520.818281239833,
                556.4712255430178
            ],
            "2sigma": [
                517.6465819340227,
                574.5052072348869
            ],
            "3sigma": [
                514.2316344212977,
                584.6876153012134
            ],
            "5sigma": [
                513.6466045514019,
                598.4816193335027
            ],
            "q75%": 550.5580334437108,
            "q25%": 522.7480589504721,
            "q99%": 575.7387902475123,
            "q01%": 516.2779895808343,
            "q90%": 563.4007358107463,
            "q10%": 519.6045170558531
        },
        {
            "median": 5.305672803653119,
            "sigma": 2.244198611960964,
            "1sigma": [
                3.010489496530643,
                7.498886720452571
            ],
            "2sigma": [
                0.740641123279831,
                9.522711396935255
            ],
            "3sigma": [
                0.23399545674280334,
                9.96881739971869
            ],
            "5sigma": [
                0.14800587398061502,
                9.973997056902737
            ],
            "q75%": 6.983467203945344,
            "q25%": 3.730239302738774,
            "q99%": 9.687884669131524,
            "q01%": 0.40486965006229136,
            "q90%": 8.052327321441261,
            "q10%": 2.0897033039310795
        },
        {
            "median": 0.881265796022182,
            "sigma": 0.47706624605048065,
            "1sigma": [
                0.31471198355531477,
                1.268844475656276
            ],
            "2sigma": [
                0.06886317104370049,
                1.408211911652436
            ],
            "3sigma": [
                0.00247008352326537,
                1.463949292214866
            ],
            "5sigma": [
                0.0023804482788911505,
                1.5358442433246715
            ],
            "q75%": 1.1871730057859506,
            "q25%": 0.45264940128981396,
            "q99%": 1.4257614531985443,
            "q01%": 0.030495794998176926,
            "q90%": 1.3156985981785552,
            "q10%": 0.23192330900245292
        },
        {
            "median": -0.149907115102105,
            "sigma": 0.044623019351472434,
            "1sigma": [
                -0.20633053248301847,
                -0.1170844937800736
            ],
            "2sigma": [
                -0.2566751253334331,
                -0.10208680426495764
            ],
            "3sigma": [
                -0.4144851225987768,
                -0.10032977215210372
            ],
            "5sigma": [
                -0.584869209560873,
                -0.10032250358082614
            ],
            "q75%": -0.12278619715755264,
            "q25%": -0.18805344162050383,
            "q99%": -0.10054700048871791,
            "q01%": -0.3013612214687688,
            "q90%": -0.11033864728450539,
            "q10%": -0.21425061453410568
        },
        {
            "median": -0.3081422428787308,
            "sigma": 0.16181505101164262,
            "1sigma": [
                -0.4869321974253983,
                -0.16330209540211305
            ],
            "2sigma": [
                -0.6743898307264304,
                -0.11181771242172038
            ],
            "3sigma": [
                -1.0460688445346413,
                -0.1006877255603801
            ],
            "5sigma": [
                -2.1107756012025134,
                -0.10030759439684057
            ],
            "q75%": -0.21076992092732083,
            "q25%": -0.4211032364007657,
            "q99%": -0.10453430142429244,
            "q01%": -0.7261067906595137,
            "q90%": -0.1422999404389208,
            "q10%": -0.5501632438797172
        },
        {
            "median": -0.2511294189758368,
            "sigma": 0.14413112031300562,
            "1sigma": [
                -0.44026331730515805,
                -0.15200107667914683
            ],
            "2sigma": [
                -0.6586914496046364,
                -0.10683109360549112
            ],
            "3sigma": [
                -1.3665828786021317,
                -0.10109012824235775
            ],
            "5sigma": [
                -7.1987054137006545,
                -0.10072232166495705
            ],
            "q75%": -0.1832948737699454,
            "q25%": -0.38087363312762706,
            "q99%": -0.10308963786371698,
            "q01%": -0.9242204830003999,
            "q90%": -0.1298827770790552,
            "q10%": -0.476307081499337
        },
        {
            "median": -0.1267229999422013,
            "sigma": 0.029120919937246866,
            "1sigma": [
                -0.16626639180229444,
                -0.10802455192780071
            ],
            "2sigma": [
                -0.20932448458739705,
                -0.10088956516512353
            ],
            "3sigma": [
                -0.23869225606707856,
                -0.10017235064485795
            ],
            "5sigma": [
                -0.3266150886481426,
                -0.10000595650951025
            ],
            "q75%": -0.11199758101836574,
            "q25%": -0.1521210352969335,
            "q99%": -0.10061620789029352,
            "q01%": -0.22068726662084462,
            "q90%": -0.10499846005415059,
            "q10%": -0.176754358715433
        }
    ]
}