{
    "modes": [
        {
            "index": 0,
            "strictly local log-evidence": 28814.72323247454,
            "strictly local log-evidence error": 0.3060710476811542,
            "local log-evidence": 28814.72323247454,
            "local log-evidence error": 0.3060710476811542,
            "mean": [
                0.08294177249488903,
                0.02183530690648153,
                -3.8946582295046537,
                325.1982056080622,
                -0.2116403463858379,
                -0.0004091877941423425,
                -5.178380200062427,
                0.6551366057562691,
                -1.9035520834473065,
                -2.364106908759278,
                -5.656387200382423,
                -6.303685079011536
            ],
            "sigma": [
                0.1742648089477479,
                0.08863160400396351,
                1.490303844596885,
                18.873441846948364,
                1.7220864542464143,
                0.5783096904977463,
                0.6766061933921325,
                0.07397874585258393,
                0.5107198174927261,
                0.9140616644539518,
                1.3285235898754333,
                0.9953323947014561
            ],
            "maximum": [
                0.016820440572539036,
                4.538144491538581e-06,
                -4.27805456411447,
                302.5052031179479,
                -1.1240302137489662,
                0.44662568810168857,
                -5.918550687501246,
                0.6676921454931313,
                -1.2216246763919694,
                -0.9454016344722076,
                -5.417684689728892,
                -6.132784098789042
            ],
            "maximum a posterior": [
                0.016820440572539036,
                4.538144491538581e-06,
                -4.27805456411447,
                302.5052031179479,
                -1.1240302137489662,
                0.44662568810168857,
                -5.918550687501246,
                0.6676921454931313,
                -1.2216246763919694,
                -0.9454016344722076,
                -5.417684689728892,
                -6.132784098789042
            ]
        }
    ],
    "nested sampling global log-evidence": 28818.877913726268,
    "nested sampling global log-evidence error": 0.23410212333003738,
    "global evidence": 28814.72323247454,
    "global evidence error": 0.3060710476811542,
    "nested importance sampling global log-evidence": 28814.72323247454,
    "nested importance sampling global log-evidence error": 0.3060710476811542,
    "marginals": [
        {
            "median": 0.007503500456375155,
            "sigma": 0.07432452595045076,
            "1sigma": [
                3.948916026761843e-05,
                0.14868854106116913
            ],
            "2sigma": [
                1.931760852177631e-06,
                0.7032270729042899
            ],
            "3sigma": [
                1.0449555866891765e-06,
                0.9614451600134837
            ],
            "5sigma": [
                1.0135116748531448e-06,
                0.9915782371109977
            ],
            "q75%": 0.06361051809243307,
            "q25%": 0.0002628733951091139,
            "q99%": 0.8121110529530875,
            "q01%": 1.3511970765030855e-06,
            "q90%": 0.2708649086820356,
            "q10%": 1.4208003025924265e-05
        },
        {
            "median": 4.8511975152433287e-05,
            "sigma": 0.002844507094452713,
            "1sigma": [
                4.141236922407117e-06,
                0.005693155425827833
            ],
            "2sigma": [
                1.3269782022967384e-06,
                0.2818536459210244
            ],
            "3sigma": [
                1.00590820677696e-06,
                0.8799230600056508
            ],
            "5sigma": [
                1.0025459059461948e-06,
                0.9877015329133992
            ],
            "q75%": 0.0006574120489594955,
            "q25%": 8.248892857850364e-06,
            "q99%": 0.4934969105392834,
            "q01%": 1.1527811969476473e-06,
            "q90%": 0.033733741923352455,
            "q10%": 2.7064552300160947e-06
        },
        {
            "median": -4.211440514394478,
            "sigma": 1.6205539668988513,
            "1sigma": [
                -5.383945392993955,
                -2.1428374591962527
            ],
            "2sigma": [
                -5.896857593756343,
                -0.49679661644033585
            ],
            "3sigma": [
                -5.9879667060712345,
                -0.02747071852767721
            ],
            "5sigma": [
                -5.996184342965654,
                -0.007320179462050642
            ],
            "q75%": -2.9811686692245174,
            "q25%": -5.092813546111948,
            "q99%": -0.17855565243275034,
            "q01%": -5.930213764775176,
            "q90%": -1.5814547537733583,
            "q10%": -5.576064716502529
        },
        {
            "median": 329.3122903928733,
            "sigma": 19.028894519498436,
            "1sigma": [
                305.6364813950057,
                343.6942704340026
            ],
            "2sigma": [
                281.77379938651274,
                349.0835694384775
            ],
            "3sigma": [
                242.11713012924338,
                349.9322762944498
            ],
            "5sigma": [
                201.55064906204043,
                349.9764652857256
            ],
            "q75%": 339.9231507781869,
            "q25%": 314.124785810567,
            "q99%": 349.53181283341854,
            "q01%": 269.60253533854075,
            "q90%": 345.9873252071295,
            "q10%": 298.8607423816327
        },
        {
            "median": -0.4705980652737156,
            "sigma": 1.9819958447146229,
            "1sigma": [
                -2.194917029100223,
                1.7690746603290228
            ],
            "2sigma": [
                -2.8229913015378356,
                2.741353888550347
            ],
            "3sigma": [
                -2.992831759930149,
                2.9704611866814217
            ],
            "5sigma": [
                -2.99925193261746,
                2.9935150188783646
            ],
            "q75%": 1.2812731028057598,
            "q25%": -1.7748601784671165,
            "q99%": 2.899077254829659,
            "q01%": -2.9324645440448007,
            "q90%": 2.2269874685563362,
            "q10%": -2.4534814668201728
        },
        {
            "median": -0.26651791637876115,
            "sigma": 0.6173591330425818,
            "1sigma": [
                -0.6214891031237949,
                0.6132291629613686
            ],
            "2sigma": [
                -0.809083963119575,
                0.7764837623924528
            ],
            "3sigma": [
                -0.995353519138592,
                0.9302495447801059
            ],
            "5sigma": [
                -1.5975333038420767,
                1.137587892224855
            ],
            "q75%": 0.5613144533008757,
            "q25%": -0.5488512053189569,
            "q99%": 0.8310854420950023,
            "q01%": -0.8938630632840424,
            "q90%": 0.6627545826460337,
            "q10%": -0.6720218853128187
        },
        {
            "median": -5.3760403570370485,
            "sigma": 0.6349151201386336,
            "1sigma": [
                -5.781933866941267,
                -4.512103626664
            ],
            "2sigma": [
                -5.961536137981494,
                -3.4329313925426677
            ],
            "3sigma": [
                -5.998183257684082,
                -1.90772648514641
            ],
            "5sigma": [
                -5.999230847144319,
                -0.7263612284000285
            ],
            "q75%": -4.863672524811137,