{
    "modes": [
        {
            "index": 0,
            "strictly local log-evidence": 28816.011897463603,
            "strictly local log-evidence error": 0.07646927853506816,
            "local log-evidence": 28816.011897463603,
            "local log-evidence error": 0.07646927853506816,
            "mean": [
                0.01908721457106791,
                0.04913118989533356,
                -0.1622863642420987,
                -3.0317464131456853,
                463.1817245201654,
                0.8056573999819289,
                1.0283469625989046,
                -5.1828986927905065,
                0.7081591999843749,
                -2.0423290841728186,
                -2.571217116431706,
                -5.65168682437738,
                -6.457644344037948
            ],
            "sigma": [
                0.05325006253130069,
                0.1326031016492107,
                0.6569099087670559,
                1.5105407755479807,
                20.68022136796723,
                0.10833021652698403,
                0.5100351899995753,
                0.437543136281004,
                0.04826017632890445,
                0.5028122827142597,
                0.8842224394207445,
                1.3982732547868477,
                0.941576932357645
            ],
            "maximum": [
                0.11942848329794291,
                0.0017477191069168129,
                -0.3069203081763554,
                -3.938222266234428,
                493.89001954096045,
                0.6559993938363298,
                0.5828549774141895,
                -5.2187259597073545,
                0.6803596959106568,
                -1.7848416319553913,
                -1.5372371080984912,
                -5.934290136694369,
                -6.645232200632787
            ],
            "maximum a posterior": [
                0.11942848329794291,
                0.0017477191069168129,
                -0.3069203081763554,
                -3.938222266234428,
                493.89001954096045,
                0.6559993938363298,
                0.5828549774141895,
                -5.2187259597073545,
                0.6803596959106568,
                -1.7848416319553913,
                -1.5372371080984912,
                -5.934290136694369,
                -6.645232200632787
            ]
        }
    ],
    "nested sampling global log-evidence": 28820.146118271557,
    "nested sampling global log-evidence error": 0.3173620639909052,
    "global evidence": 28816.011897463603,
    "global evidence error": 0.07646927853506816,
    "nested importance sampling global log-evidence": 28816.011897463603,
    "nested importance sampling global log-evidence error": 0.07646927853506816,
    "marginals": [
        {
            "median": 0.0006584254608731593,
            "sigma": 0.010602905854166844,
            "1sigma": [
                1.1661093323617852e-05,
                0.021217472801657308
            ],
            "2sigma": [
                1.5179881877164562e-06,
                0.17051413831149956
            ],
            "3sigma": [
                1.0591099939087961e-06,
                0.48310305109285473
            ],
            "5sigma": [
                1.0415294775109305e-06,
                0.7303779969289593
            ],
            "q75%": 0.007511541272929296,
            "q25%": 4.902999519179241e-05,
            "q99%": 0.2874493269912239,
            "q01%": 1.1194713888687822e-06,
            "q90%": 0.05787266482265217,
            "q10%": 4.5299724821279585e-06
        },
        {
            "median": 0.001392044309220604,
            "sigma": 0.027340453814575,
            "1sigma": [
                2.0740011882809103e-05,
                0.05470164764103281
            ],
            "2sigma": [
                1.8871376953777415e-06,
                0.48465616562811775
            ],
            "3sigma": [
                1.0068565972939074e-06,
                0.9148107190352444
            ],
            "5sigma": [
                1.0068565972939074e-06,
                0.9343082485531035
            ],
            "q75%": 0.018343398668607423,
            "q25%": 6.619946818993275e-05,
            "q99%": 0.6727587734723034,
            "q01%": 1.482369916349531e-06,
            "q90%": 0.16457902621012457,
            "q10%": 7.769942520314279e-06
        },
        {
            "median": -0.1515805241801433,
            "sigma": 0.7720473602674999,
            "1sigma": [
                -0.9526843370423765,
                0.5914103834926232
            ],
            "2sigma": [
                -1.3432307797457095,
                0.9040856838353744
            ],
            "3sigma": [
                -1.4965736026031742,
                0.9979100553955176
            ],
            "5sigma": [
                -1.499658875804724,
                0.9992969085730269
            ],
            "q75%": 0.41131529530930305,
            "q25%": -0.6823541974688103,
            "q99%": 0.9557658171606779,
            "q01%": -1.4593044680344753,
            "q90%": 0.7016737745751557,
            "q10%": -1.08937215701653
        },
        {
            "median": -2.960764172515001,
            "sigma": 1.733653228192466,
            "1sigma": [
                -4.852943441993544,
                -1.385636985608612
            ],
            "2sigma": [
                -5.793120873661902,
                -0.6275491491856431
            ],
            "3sigma": [
                -5.997311225010758,
                -0.008241736347873752
            ],
            "5sigma": [
                -5.999036578867901,
                -0.0006874809441967871
            ],
            "q75%": -1.7953830338895833,
            "q25%": -4.126102077987297,
            "q99%": -0.16607181174105493,
            "q01%": -5.946601409375556,
            "q90%": -1.0912291416254665,
            "q10%": -5.341264711331374
        },
        {
            "median": 464.9269991173227,
            "sigma": 22.34932921041576,
            "1sigma": [
                441.44776818495916,
                486.1464266057907
            ],
            "2sigma": [
                421.88048158072934,
                494.29974375254176
            ],
            "3sigma": [
                390.2457165863742,
                498.81723612703763
            ],
            "5sigma": [
                379.37626380825805,
                499.5057770411993
            ],
            "q75%": 479.73395988737997,
            "q25%": 447.83501226544536,
            "q99%": 496.6578249353339,
            "q01%": 412.83480041526786,
            "q90%": 489.60544990017297,
            "q10%": 434.4194836771508
        },
        {
            "median": 0.8127385363653513,
            "sigma": 0.12017745710273975,
            "1sigma": [
                0.6826014194624079,
                0.9229563336678874
            ],
            "2sigma": [
                0.6111785859922507,
                0.984782076501129
            ],
            "3sigma": [
                0.583168878687396,
                0.9985102524941883
            ],
            "5sigma": [
                0.5303073853119479,
                0.998560381818597
            ],
            "q75%": 0.8962622903669117,
            "q25%": 0.7188007220732014,
            "q99%": 0.9964047857452218,
            "q01%": 0.5906157224228948,
            "q90%": 0.9488365859917479,
            "q10%": 0.65492627925029
        },
        {
            "median": 0.9822243386577141,
            "sigma": 0.5659468138044235,
            "1sigma": [
                0.486553082086716,
                1.618446709695563
            ],
            "2sigma": [
                0.09514801977623463,
                1.9240697702712348
            ],
            "3sigma": [
                0.025970451492152588,
                1.9898900463502718
            ],