{
    "modes": [
        {
            "index": 0,
            "strictly local log-evidence": 28798.00970621984,
            "strictly local log-evidence error": 0.13227984011020538,
            "local log-evidence": 28798.00970621984,
            "local log-evidence error": 0.13227984011020538,
            "mean": [
                584.0158760626963,
                -4.303661354807915,
                0.9488524734201669,
                -4.790534185532117,
                -5.0141729164761655,
                -6.1430452799077155
            ],
            "sigma": [
                79.00755299253632,
                0.8530577325054348,
                0.03935852047311853,
                1.5349805653890876,
                1.5918347563795647,
                1.1099407813125606
            ],
            "maximum": [
                618.581725368223,
                -3.6720750589667017,
                0.9963392907153169,
                -3.745456247676394,
                -5.80316926233489,
                -6.221294337025199
            ],
            "maximum a posterior": [
                618.581725368223,
                -3.6720750589667017,
                0.9963392907153169,
                -3.745456247676394,
                -5.80316926233489,
                -6.221294337025199
            ]
        }
    ],
    "nested sampling global log-evidence": 28799.12589521011,
    "nested sampling global log-evidence error": 0.19692341840185024,
    "global evidence": 28798.00970621984,
    "global evidence error": 0.13227984011020538,
    "nested importance sampling global log-evidence": 28798.00970621984,
    "nested importance sampling global log-evidence error": 0.13227984011020538,
    "marginals": [
        {
            "median": 574.2560173012666,
            "sigma": 78.25412331051982,
            "1sigma": [
                505.1216245039813,
                661.6298711250209
            ],
            "2sigma": [
                467.6577737460056,
                775.3874372124295
            ],
            "3sigma": [
                445.2000881016252,
                880.9762789539577
            ],
            "5sigma": [
                422.33442218933004,
                961.375990283793
            ],
            "q75%": 632.2484154722861,
            "q25%": 523.4622971937384,
            "q99%": 807.6940595724258,
            "q01%": 456.4842908573045,
            "q90%": 693.2193374182813,
            "q10%": 491.06488062437097
        },
        {
            "median": -4.304289349555245,
            "sigma": 0.9263835373800555,
            "1sigma": [
                -5.258358624883425,
                -3.4055915501233143
            ],
            "2sigma": [
                -5.817134329100873,
                -2.5992970139323193
            ],
            "3sigma": [
                -5.997195988980877,
                -2.230389537733957
            ],
            "5sigma": [
                -5.997216258349023,
                -1.728636736097901
            ],
            "q75%": -3.657918857773508,
            "q25%": -4.97756950705309,
            "q99%": -2.403715228308514,
            "q01%": -5.932844911976939,
            "q90%": -3.157980094943108,
            "q10%": -5.445303333664521
        },
        {
            "median": 0.9579106833668776,
            "sigma": 0.0373402790083861,
            "1sigma": [
                0.9108825303598643,
                0.9855630883766365
            ],
            "2sigma": [
                0.8578409148261517,
                0.9974655868048757
            ],
            "3sigma": [
                0.7765232438331029,
                0.9997307345808447
            ],
            "5sigma": [
                0.6210157826379862,
                0.999919047278198
            ],
            "q75%": 0.9786222339645724,
            "q25%": 0.9292276775390178,
            "q99%": 0.9989777669310625,
            "q01%": 0.826964661984354,
            "q90%": 0.9912925894234339,
            "q10%": 0.8890671820267728
        },
        {
            "median": -4.68304250340574,
            "sigma": 1.655751219119125,
            "1sigma": [
                -6.540039363326505,
                -3.228536925088255
            ],
            "2sigma": [
                -7.6589622248722735,
                -1.9352441270302092
            ],
            "3sigma": [
                -7.995229005530119,
                -1.133354401522312
            ],
            "5sigma": [
                -7.995229005530119,
                -0.960378203392944
            ],
            "q75%": -3.7336798390529427,
            "q25%": -5.93497028125426,
            "q99%": -1.584740890907735,
            "q01%": -7.886759018303792,
            "q90%": -2.771019117924659,
            "q10%": -6.950983832499123
        },
        {
            "median": -5.086893473493851,
            "sigma": 1.744771603579356,
            "1sigma": [
                -6.7816744821835915,
                -3.2921312750248797
            ],
            "2sigma": [
                -7.6608667070801495,
                -1.8608593097628674
            ],
            "3sigma": [
                -7.919132547824001,
                -1.2514183723223682
            ],
            "5sigma": [
                -7.987304306200692,
                -1.0788224114669553
            ],
            "q75%": -3.8320438855527503,
            "q25%": -6.250109153791158,
            "q99%": -1.472826435937425,
            "q01%": -7.825390945420522,
            "q90%": -2.8709968450727623,
            "q10%": -7.205870924781365
        },
        {
            "median": -6.275391610044846,
            "sigma": 1.1538705031634677,
            "1sigma": [
                -7.3028189389054425,
                -4.995077932578507
            ],
            "2sigma": [
                -7.847526279699941,
                -3.623294517086608
            ],
            "3sigma": [
                -7.990974315516912,
                -2.457597848930746
            ],
            "5sigma": [
                -7.999092395948403,
                -2.0531195243514655
            ],
            "q75%": -5.4027884861872355,
            "q25%": -7.017606901806186,
            "q99%": -2.966271468598987,
            "q01%": -7.951164653448036,
            "q90%": -4.6853595482804975,
            "q10%": -7.5244849817551165
        }
    ]
}