{
    "modes": [
        {
            "index": 0,
            "strictly local log-evidence": 28819.18543762069,
            "strictly local log-evidence error": 0.0363665495973088,
            "local log-evidence": 28819.18543762069,
            "local log-evidence error": 0.0363665495973088,
            "mean": [
                505.5045859647705,
                0.0312949672584317,
                11.034004929036834,
                -0.5208883552284588,
                2.0450301392038504,
                -2.541273450439477,
                0.7666981001347409,
                -2.244489659974499,
                -2.9841933429332657
            ],
            "sigma": [
                9.877544016686432,
                0.05265821251337502,
                0.585622435945411,
                0.2904061268172052,
                0.5303612562540628,
                1.4142724191220577,
                0.032601046747338526,
                0.5245699118423401,
                0.8010353389796665
            ],
            "maximum": [
                498.2336844589238,
                0.018991094550995454,
                10.730966820908746,
                -0.5655006215800773,
                2.428981511906791,
                -4.185371178197797,
                0.7796449176608045,
                -2.195096320420907,
                -2.55149931847252
            ],
            "maximum a posterior": [
                498.2336844589238,
                0.018991094550995454,
                10.730966820908746,
                -0.5655006215800773,
                2.428981511906791,
                -4.185371178197797,
                0.7796449176608045,
                -2.195096320420907,
                -2.55149931847252
            ]
        }
    ],
    "nested sampling global log-evidence": 28822.144455269834,
    "nested sampling global log-evidence error": 0.33751136917018243,
    "global evidence": 28819.18543762069,
    "global evidence error": 0.0363665495973088,
    "nested importance sampling global log-evidence": 28819.18543762069,
    "nested importance sampling global log-evidence error": 0.0363665495973088,
    "marginals": [
        {
            "median": 504.9302314141353,
            "sigma": 9.6774460702498,
            "1sigma": [
                495.76351885215786,
                515.1184109926575
            ],
            "2sigma": [
                489.40598442558166,
                525.092514049823
            ],
            "3sigma": [
                479.62380469792527,
                552.3020882813677
            ],
            "5sigma": [
                470.9327638022202,
                614.3359098912733
            ],
            "q75%": 511.1740973687556,
            "q25%": 498.56478024711356,
            "q99%": 532.8654439270971,
            "q01%": 487.95519528134724,
            "q90%": 518.4091490301685,
            "q10%": 493.45829731494933
        },
        {
            "median": 0.012026581000507524,
            "sigma": 0.02889082260190945,
            "1sigma": [
                0.002665084219989224,
                0.060446729423808125
            ],
            "2sigma": [
                0.0013581893099306496,
                0.15520067610824684
            ],
            "3sigma": [
                0.0010318715831328085,
                0.6571926136969144
            ],
            "5sigma": [
                0.0010318715831328085,
                0.9845750688670121
            ],
            "q75%": 0.03681422666987493,
            "q25%": 0.004097504792107218,
            "q99%": 0.2301082626790659,
            "q01%": 0.0010856524772279717,
            "q90%": 0.08326215971299822,
            "q10%": 0.002034513718914628
        },
        {
            "median": 11.078984863030238,
            "sigma": 0.6516887582809323,
            "1sigma": [
                10.404827640286955,
                11.70820515684882
            ],
            "2sigma": [
                9.917366505993156,
                11.94313997256936
            ],
            "3sigma": [
                9.451352262598977,
                11.992369150454206
            ],
            "5sigma": [
                9.164305642247482,
                11.992925182762935
            ],
            "q75%": 11.530010447378851,
            "q25%": 10.559292467047555,
            "q99%": 11.964078886212501,
            "q01%": 9.784998821055385,
            "q90%": 11.819497392183159,
            "q10%": 10.228884967706232
        },
        {
            "median": -0.5092276500789152,
            "sigma": 0.277843801429342,
            "1sigma": [
                -0.7914343753178339,
                -0.2357467724591499
            ],
            "2sigma": [
                -1.1443359968899258,
                -0.05840456614063274
            ],
            "3sigma": [
                -2.0849046565627654,
                -0.0030615281946528195
            ],
            "5sigma": [
                -3.796950125007946,
                -0.0006316599109532015
            ],
            "q75%": -0.31511015148505944,
            "q25%": -0.7076855312479501,
            "q99%": -0.015500515902292792,
            "q01%": -1.3476628039917407,
            "q90%": -0.15455645517989933,
            "q10%": -0.8610733162748574
        },
        {
            "median": 2.044092706897949,
            "sigma": 0.6270219390955856,
            "1sigma": [
                1.410023317296107,
                2.664067195487278
            ],
            "2sigma": [
                1.128267154833322,
                2.925069557040896
            ],
            "3sigma": [
                1.0544325669347399,
                2.991507939712302
            ],
            "5sigma": [
                1.0544325669347399,
                2.991639280339305
            ],
            "q75%": 2.490580105568087,
            "q25%": 1.6224250525242496,
            "q99%": 2.9604547924331897,
            "q01%": 1.0917523330841257,
            "q90%": 2.7652286378873314,
            "q10%": 1.2937328084862414
        },
        {
            "median": -2.560327585454381,
            "sigma": 1.6490013211753016,
            "1sigma": [
                -4.196717253331205,
                -0.8987146109806022
            ],
            "2sigma": [
                -4.82785983481447,
                -0.14222623487632605
            ],
            "3sigma": [
                -4.978796526493729,
                -0.002065069168472605
            ],
            "5sigma": [
                -4.978796526493729,
                -0.0011961574862188564
            ],
            "q75%": -1.3719042703840274,
            "q25%": -3.801559365998559,
            "q99%": -0.04159384929760313,
            "q01%": -4.946911530266129,
            "q90%": -0.4885723107979522,
            "q10%": -4.432864661063517
        },
        {
            "median": 0.7676569611876596,
            "sigma": 0.03288180202369828,
            "1sigma": [
                0.7331503681202374,
                0.7989139721676339
            ],
            "2sigma": [
                0.7026366236176074,
                0.8317548201770848
            ],
            "3sigma": [
                0.6727700961149148,
                0.8642548970156407
            ],
            "5sigma": [
                0.58169405164171,
                0.9006732612706155
            ],
            "q75%": 0.7879472590641114,
            "q25%": 0.7446420760830782,
            "q99%": 0.8468756591837937,
            "q01%": 0.6897326343623763,
            "q90%": 0.8063436665761451,
            "q10%": 0.7255168638052444
        },
        {
            "median": -2.240564717636798,
            "sigma": 0.5502162812455527,
            "1sigma": [
                -2.7878682023507686,
                -1.6874356398596633
            ],
            "2sigma": [
                -3.383172715054464,
                -1.3328479532722712
            ],