{
    "modes": [
        {
            "index": 0,
            "strictly local log-evidence": 28817.264074565683,
            "strictly local log-evidence error": 0.05360617401571983,
            "local log-evidence": 28817.264074565683,
            "local log-evidence error": 0.05360617401571983,
            "mean": [
                306.7348511672433,
                217.65039634153925,
                1.2018318837253863,
                -2.234455685671432,
                -4.438716776511705,
                0.5939778072600892,
                -1.9207286351604855,
                -2.157413655187871,
                -5.688046947517232,
                -6.36124550871971
            ],
            "sigma": [
                81.75955736271504,
                109.86489564645562,
                1.8969682799293908,
                0.6084958854191552,
                0.9147163924439471,
                0.0981030398854449,
                0.639853150389729,
                1.0230599361393053,
                1.4280400072310604,
                1.0051333955937378
            ],
            "maximum": [
                259.20676748392503,
                268.8407824565753,
                9.798293302743684,
                -2.3381368230651796,
                -5.81908571010583,
                0.6262045244854126,
                -1.3996233524111252,
                -0.9798221673630998,
                -7.087284829100949,
                -6.57229883981403
            ],
            "maximum a posterior": [
                259.20676748392503,
                268.8407824565753,
                9.798293302743684,
                -2.3381368230651796,
                -5.81908571010583,
                0.6262045244854126,
                -1.3996233524111252,
                -0.9798221673630998,
                -7.087284829100949,
                -6.57229883981403
            ]
        }
    ],
    "nested sampling global log-evidence": 28820.414851274774,
    "nested sampling global log-evidence error": 0.21270424950474057,
    "global evidence": 28817.264074565683,
    "global evidence error": 0.05360617401571983,
    "nested importance sampling global log-evidence": 28817.264074565683,
    "nested importance sampling global log-evidence error": 0.05360617401571983,
    "marginals": [
        {
            "median": 323.5164094391441,
            "sigma": 81.53624783510331,
            "1sigma": [
                220.12909622817514,
                383.20159189838176
            ],
            "2sigma": [
                113.07325926934314,
                417.4762622006522
            ],
            "3sigma": [
                6.556681740055959,
                461.290574150195
            ],
            "5sigma": [
                0.9484846960323131,
                494.1821549032834
            ],
            "q75%": 369.9312767085514,
            "q25%": 257.5148579201569,
            "q99%": 434.6670784976704,
            "q01%": 83.50591272101079,
            "q90%": 394.80168592399076,
            "q10%": 192.08679158757494
        },
        {
            "median": 223.09062984423514,
            "sigma": 121.3480168787286,
            "1sigma": [
                91.23609707878434,
                333.9321308362415
            ],
            "2sigma": [
                19.172594287579155,
                403.3694453715261
            ],
            "3sigma": [
                0.5168692808142463,
                487.9796966168379
            ],
            "5sigma": [
                0.40484193628716814,
                531.0534313167462
            ],
            "q75%": 303.63377829714,
            "q25%": 130.85175519250984,
            "q99%": 436.9812547972291,
            "q01%": 5.819720975252968,
            "q90%": 358.3112407041176,
            "q10%": 61.58495353035752
        },
        {
            "median": 0.31875624312391976,
            "sigma": 1.2949247399074542,
            "1sigma": [
                0.045907432085587535,
                2.6357569119004958
            ],
            "2sigma": [
                0.013534594679002237,
                7.112566769528132
            ],
            "3sigma": [
                0.010534642579131651,
                9.796512727047434
            ],
            "5sigma": [
                0.010429711586289194,
                9.830004645763529
            ],
            "q75%": 1.4091689667773537,
            "q25%": 0.07864179758172259,
            "q99%": 8.996003652758867,
            "q01%": 0.011386869031864214,
            "q90%": 3.766561016668703,
            "q10%": 0.02922797083548855
        },
        {
            "median": -2.387804157366319,
            "sigma": 0.5803852036953935,
            "1sigma": [
                -2.8091515106256946,
                -1.6483811032349076
            ],
            "2sigma": [
                -2.956986180365842,
                -0.6661511060257778
            ],
            "3sigma": [
                -2.9961373758236154,
                0.2569045273338159
            ],
            "5sigma": [
                -2.999380770563938,
                0.8904095251308382
            ],
            "q75%": -1.9119111790883914,
            "q25%": -2.705607036007457,
            "q99%": -0.26277792548824164,
            "q01%": -2.985851531987483,
            "q90%": -1.4289797954731487,
            "q10%": -2.879732552405514
        },
        {
            "median": -4.532373354342303,
            "sigma": 0.8819554108174161,
            "1sigma": [
                -5.347153604116478,
                -3.583242782481646
            ],
            "2sigma": [
                -5.819908708044506,
                -2.207453942061852
            ],
            "3sigma": [
                -5.967959234576013,
                -0.8569945737166893
            ],
            "5sigma": [
                -5.984853380655133,
                -0.5869842783104897
            ],
            "q75%": -3.8737507497395414,
            "q25%": -5.13810086246294,
            "q99%": -1.5574757862497386,
            "q01%": -5.9123098098440465,
            "q90%": -3.3117938048459963,
            "q10%": -5.5399004727028665
        },
        {
            "median": 0.5980858381950254,
            "sigma": 0.0934119001628245,
            "1sigma": [
                0.49614075088839865,
                0.6829645512140476
            ],
            "2sigma": [
                0.394822367395022,
                0.7875565405079924
            ],
            "3sigma": [
                0.2957834417938682,
                0.9509888775461904
            ],
            "5sigma": [
                0.059673486257119025,
                0.9974910263627924
            ],
            "q75%": 0.6549609482681003,
            "q25%": 0.5321168130323334,
            "q99%": 0.836495512449262,
            "q01%": 0.3633897900093694,
            "q90%": 0.711998765620792,
            "q10%": 0.4623580200691491
        },
        {
            "median": -1.8791800444970197,
            "sigma": 0.7012747642565161,
            "1sigma": [
                -2.6344152183555085,
                -1.2318656898424762
            ],
            "2sigma": [
                -3.186516246633526,
                -0.8890402454518554
            ],
            "3sigma": [
                -3.739053470238824,
                -0.6841877195154239
            ],
            "5sigma": [
                -4.7326322314576466,
                -0.34326394501483326
            ],
            "q75%": -1.3996682253009962,
            "q25%": -2.4051740198898997,
            "q99%": -0.8176464372937478,
            "q01%": -3.385830525376721,
            "q90%": -1.1021342456783756,
            "q10%": -2.7967430136229496
        },
        {
            "median": -1.9885312045943784,
            "sigma": 1.0078719837851842,