{
    "modes": [
        {
            "index": 0,
            "strictly local log-evidence": 28797.900437078864,
            "strictly local log-evidence error": 0.0407156947523806,
            "local log-evidence": 28797.900437078864,
            "local log-evidence error": 0.0407156947523806,
            "mean": [
                435.74887983566975,
                237.8689927560118,
                0.9181223805846944,
                -1.8857242551859168,
                0.031290505229191176,
                9.850846259339148,
                -0.9270481916508857,
                1.9664077276810867,
                -2.462521349589293,
                0.9364816166604859,
                0.7185027477797059,
                2.0231466215561276,
                -1.909978434884381
            ],
            "sigma": [
                103.95467730242244,
                134.37237236512829,
                1.6716797186761223,
                0.8513520614417618,
                0.0533364582859282,
                0.7899297441563163,
                0.4060239728988146,
                0.495700019100662,
                1.2134864919379214,
                0.05057695403398365,
                0.23244951562398913,
                0.2991298501285973,
                2.0055619985289455
            ],
            "maximum": [
                593.288316611864,
                117.51801863673911,
                1.5157263345912808,
                -2.9483106812084774,
                0.01964016088498614,
                10.146481736484834,
                -0.6570601835414678,
                1.5333751674532186,
                -1.8143498314411541,
                0.9905388987033361,
                0.7326883353727704,
                2.061504859123315,
                0.9599726612731514
            ],
            "maximum a posterior": [
                593.288316611864,
                117.51801863673911,
                1.5157263345912808,
                -2.9483106812084774,
                0.01964016088498614,
                10.146481736484834,
                -0.6570601835414678,
                1.5333751674532186,
                -1.8143498314411541,
                0.9905388987033361,
                0.7326883353727704,
                2.061504859123315,
                0.9599726612731514
            ]
        }
    ],
    "nested sampling global log-evidence": 28802.623562347635,
    "nested sampling global log-evidence error": 0.3183191291529234,
    "global evidence": 28797.900437078864,
    "global evidence error": 0.0407156947523806,
    "nested importance sampling global log-evidence": 28797.900437078864,
    "nested importance sampling global log-evidence error": 0.0407156947523806,
    "marginals": [
        {
            "median": 452.34137014485265,
            "sigma": 103.24681994888599,
            "1sigma": [
                332.6765494604485,
                539.1701893582205
            ],
            "2sigma": [
                181.62630442671403,
                584.8779260960764
            ],
            "3sigma": [
                1.224582427313703,
                598.164245220041
            ],
            "5sigma": [
                1.224582427313703,
                598.5491256511277
            ],
            "q75%": 514.8747262583952,
            "q25%": 378.07234381397456,
            "q99%": 594.0039545072881,
            "q01%": 144.85852853334106,
            "q90%": 556.9436869909515,
            "q10%": 286.56558020120906
        },
        {
            "median": 229.50307484910476,
            "sigma": 140.28410207874825,
            "1sigma": [
                98.97991578771365,
                379.54811994521015
            ],
            "2sigma": [
                19.026426387859843,
                539.1559967955108
            ],
            "3sigma": [
                1.1210999638940746,
                579.3989028525324
            ],
            "5sigma": [
                1.1177486234240923,
                598.5643915433053
            ],
            "q75%": 326.53640545563565,
            "q25%": 133.2065312011377,
            "q99%": 564.21143103078,
            "q01%": 6.664634247875031,
            "q90%": 420.1384462939492,
            "q10%": 63.45052436306237
        },
        {
            "median": 0.215178442292713,
            "sigma": 0.8104280398170294,
            "1sigma": [
                0.03574363885972235,
                1.656599718493781
            ],
            "2sigma": [
                0.012421833821924013,
                6.977728453701845
            ],
            "3sigma": [
                0.010153743451850206,
                9.599519211651192
            ],
            "5sigma": [
                0.010029965769757085,
                9.96273123834415
            ],
            "q75%": 0.8782389326826866,
            "q25%": 0.06081490199919389,
            "q99%": 8.093165737493347,
            "q01%": 0.011270046143429345,
            "q90%": 2.6129133327998058,
            "q10%": 0.022081391045977204
        },
        {
            "median": -2.115381161114056,
            "sigma": 0.8925337964195591,
            "1sigma": [
                -2.6866300484050507,
                -0.9015624555659325
            ],
            "2sigma": [
                -2.926055744604109,
                0.1507546609892135
            ],
            "3sigma": [
                -2.9969472000212742,
                0.855768455595196
            ],
            "5sigma": [
                -2.997379408653571,
                0.8617500755035917
            ],
            "q75%": -1.4431021723468294,
            "q25%": -2.5324143738241056,
            "q99%": 0.34203293549507036,
            "q01%": -2.96061823434562,
            "q90%": -0.4734356285156852,
            "q10%": -2.7970964938298666
        },
        {
            "median": 0.010605133070713089,
            "sigma": 0.02408003697443791,
            "1sigma": [
                0.0026548894331706453,
                0.05081496338204647
            ],
            "2sigma": [
                0.0012236984479130789,
                0.20540971899780958
            ],
            "3sigma": [
                0.0010123428365723982,
                0.3795453335052661
            ],
            "5sigma": [
                0.0010023551732861204,
                0.9989292519193315
            ],
            "q75%": 0.03140808381617313,
            "q25%": 0.003776622254620369,
            "q99%": 0.2890520207874029,
            "q01%": 0.001088562847361366,
            "q90%": 0.08350782803105193,
            "q10%": 0.0020177848399144677
        },
        {
            "median": 9.869565667384634,
            "sigma": 0.8029798218755806,
            "1sigma": [
                9.05841677799794,
                10.6643764217491
            ],
            "2sigma": [
                8.212296673109341,
                11.13541577219814
            ],
            "3sigma": [
                6.427870776877702,
                11.465275024503418
            ],
            "5sigma": [
                5.415292321527952,
                11.993918350448059
            ],
            "q75%": 10.467469279805792,
            "q25%": 9.33352626303496,
            "q99%": 11.284577341591413,
            "q01%": 7.758368469010754,
            "q90%": 10.831098639314098,
            "q10%": 8.835781630009304
        },
        {
            "median": -0.8961858577271647,
            "sigma": 0.33847654279946654,
            "1sigma": [
                -1.2416624379293464,
                -0.5647093523304133
            ],
            "2sigma": [
                -1.8742270633967495,
                -0.24586891027491875
            ],
            "3sigma": [
                -3.2772176369268466,
                -0.07647293574305832
            ],
            "5sigma": [
                -5.742223031906648,
                -0.01643660186770458
            ],