{
    "modes": [
        {
            "index": 0,
            "strictly local log-evidence": 28812.439947705774,
            "strictly local log-evidence error": 0.04139748720111421,
            "local log-evidence": 28812.439947705774,
            "local log-evidence error": 0.04139748720111421,
            "mean": [
                543.6776627106085,
                -0.8794040894974432,
                1.4837427916126187,
                -2.3975948238096074,
                -4.227400342047521,
                1.9870616038088436,
                -2.2212503172840097,
                -3.1891103825735,
                -5.739130113919848,
                -6.471686919679376
            ],
            "sigma": [
                26.299426291852537,
                0.5640833857543087,
                0.535709518426555,
                0.7231893990468691,
                0.47656267513561484,
                0.5015800707297219,
                0.5935094432821116,
                0.9589661244604571,
                1.3418249467393555,
                0.9993670074870825
            ],
            "maximum": [
                512.1168357122261,
                -0.13038282145480018,
                1.3782642469768127,
                -1.599247568179579,
                -4.741247038640346,
                1.2162560048167994,
                -2.4367826702024935,
                -3.0063863463387355,
                -7.29311425027649,
                -6.730785362106538
            ],
            "maximum a posterior": [
                512.1168357122261,
                -0.13038282145480018,
                1.3782642469768127,
                -1.599247568179579,
                -4.741247038640346,
                1.2162560048167994,
                -2.4367826702024935,
                -3.0063863463387355,
                -7.29311425027649,
                -6.730785362106538
            ]
        }
    ],
    "nested sampling global log-evidence": 28815.29634182709,
    "nested sampling global log-evidence error": 0.24846984284668025,
    "global evidence": 28812.439947705774,
    "global evidence error": 0.04139748720111421,
    "nested importance sampling global log-evidence": 28812.439947705774,
    "nested importance sampling global log-evidence error": 0.04139748720111421,
    "marginals": [
        {
            "median": 540.8824087630455,
            "sigma": 25.3577365093534,
            "1sigma": [
                517.7618769342846,
                568.4773499529914
            ],
            "2sigma": [
                503.0133885699854,
                602.9858467682333
            ],
            "3sigma": [
                491.0585752632931,
                640.5086894610603
            ],
            "5sigma": [
                483.6238536041754,
                927.705123429561
            ],
            "q75%": 558.8817769633567,
            "q25%": 524.3926729747194,
            "q99%": 616.9329865928814,
            "q01%": 498.8085076204107,
            "q90%": 577.7313171586144,
            "q10%": 513.0125363084736
        },
        {
            "median": -0.804696590959939,
            "sigma": 0.5888202554493456,
            "1sigma": [
                -1.4600353138120254,
                -0.2823948029133342
            ],
            "2sigma": [
                -2.143473380106938,
                -0.053680676089184476
            ],
            "3sigma": [
                -2.7726964737320374,
                -0.007127882113812585
            ],
            "5sigma": [
                -3.6922335520339895,
                -0.0028122629287820403
            ],
            "q75%": -0.4204402101460699,
            "q25%": -1.2367334970648385,
            "q99%": -0.02876477104746989,
            "q01%": -2.409355803131167,
            "q90%": -0.1930315861667889,
            "q10%": -1.6702202932927754
        },
        {
            "median": 1.4816915072256915,
            "sigma": 0.6067612478878388,
            "1sigma": [
                0.8706770791148456,
                2.084199574890523
            ],
            "2sigma": [
                0.5621542326591414,
                2.4132101654690987
            ],
            "3sigma": [
                0.5062401879343014,
                2.495008757270062
            ],
            "5sigma": [
                0.504064069209696,
                2.496511531341987
            ],
            "q75%": 1.9291212217808238,
            "q25%": 1.0308304454511266,
            "q99%": 2.4626479254549243,
            "q01%": 0.5286489476019113,
            "q90%": 2.2043079017147447,
            "q10%": 0.7262115508372705
        },
        {
            "median": -2.4180143883378387,
            "sigma": 0.741625721144081,
            "1sigma": [
                -3.1042970799971235,
                -1.6210456377089615
            ],
            "2sigma": [
                -3.8160873756152256,
                -1.001346378941138
            ],
            "3sigma": [
                -4.416129071567719,
                -0.6103074549938893
            ],
            "5sigma": [
                -5.252564782021299,
                -0.2526934565937716
            ],
            "q75%": -1.886309349273349,
            "q25%": -2.9079562144853597,
            "q99%": -0.8238947899478014,
            "q01%": -4.047864962196968,
            "q90%": -1.4562900297844197,
            "q10%": -3.2894305177461827
        },
        {
            "median": -4.288055275639045,
            "sigma": 0.45364949003903665,
            "1sigma": [
                -4.708022763470843,
                -3.8007237833927694
            ],
            "2sigma": [
                -4.918554712531797,
                -3.1728263983999656
            ],
            "3sigma": [
                -4.989928523207412,
                -1.7747751861637466
            ],
            "5sigma": [
                -4.998261752884078,
                0.5429894884645453
            ],
            "q75%": -3.9600723567295737,
            "q25%": -4.577926242886171,
            "q99%": -2.7200488248392003,
            "q01%": -4.966704688785178,
            "q90%": -3.6513070304541357,
            "q10%": -4.768691031817578
        },
        {
            "median": 1.9620643258120931,
            "sigma": 0.5597357323829553,
            "1sigma": [
                1.4376755567098698,
                2.5571470214757803
            ],
            "2sigma": [
                1.1581496269199996,
                2.912899118008502
            ],
            "3sigma": [
                1.0740336852654784,
                2.9986642750286605
            ],
            "5sigma": [
                1.0509481719899334,
                2.9990126322304644
            ],
            "q75%": 2.38390146615818,
            "q25%": 1.577126931545954,
            "q99%": 2.9833881157949227,
            "q01%": 1.0950242696787023,
            "q90%": 2.7036380191660148,
            "q10%": 1.3083915322027342
        },
        {
            "median": -2.2355345942924463,
            "sigma": 0.6443200215692664,
            "1sigma": [
                -2.846609733585156,
                -1.5579696904466234
            ],
            "2sigma": [
                -3.3764757045302365,
                -1.1653347397935176
            ],
            "3sigma": [
                -3.8522790454942593,
                -0.9402956125736565
            ],
            "5sigma": [
                -5.734126229838414,
                -0.8122174253845057
            ],
            "q75%": -1.7784624671398594,
            "q25%": -2.6593064642364426,
            "q99%": -1.0899446592966298,
            "q01%": -3.538240666439245,
            "q90%": -1.406138622389368,
            "q10%": -3.000704732495036
        },
        {
            "median": -3.0653365690121217,
            "sigma": 0.84347543114789,