{
    "modes": [
        {
            "index": 0,
            "strictly local log-evidence": 28818.008873040573,
            "strictly local log-evidence error": 0.15556610641166888,
            "local log-evidence": 28818.008873040573,
            "local log-evidence error": 0.15556610641166888,
            "mean": [
                527.0890946447547,
                -5.411591516173023,
                0.7848517908072058,
                -2.2671225053071176,
                -2.8995944554905417,
                -6.352905794323674
            ],
            "sigma": [
                23.838454196786703,
                0.43536882639972774,
                0.041459800585546935,
                0.5442509318801803,
                0.8641325834454505,
                1.025798095481677
            ],
            "maximum": [
                497.4855551977907,
                -5.940405535021884,
                0.7612184986117381,
                -2.2355251504167795,
                -2.247025255148185,
                -7.158438309351534
            ],
            "maximum a posterior": [
                497.4855551977907,
                -5.940405535021884,
                0.7612184986117381,
                -2.2355251504167795,
                -2.247025255148185,
                -7.158438309351534
            ]
        }
    ],
    "nested sampling global log-evidence": 28819.275844640004,
    "nested sampling global log-evidence error": 0.2242160106207369,
    "global evidence": 28818.008873040573,
    "global evidence error": 0.15556610641166888,
    "nested importance sampling global log-evidence": 28818.008873040573,
    "nested importance sampling global log-evidence error": 0.15556610641166888,
    "marginals": [
        {
            "median": 522.7459811669119,
            "sigma": 21.597343736633803,
            "1sigma": [
                505.72084230519243,
                548.91552977846
            ],
            "2sigma": [
                494.0686130039877,
                585.0180102063301
            ],
            "3sigma": [
                483.44927147667903,
                642.0125606213371
            ],
            "5sigma": [
                463.47699034143324,
                826.802537897094
            ],
            "q75%": 539.6859827366147,
            "q25%": 509.95770403555474,
            "q99%": 604.1294851930957,
            "q01%": 488.3095621028749,
            "q90%": 558.8248397704706,
            "q10%": 501.5275384733221
        },
        {
            "median": -5.509387665612827,
            "sigma": 0.44838232305549797,
            "1sigma": [
                -5.854876375796191,
                -4.958111729685195
            ],
            "2sigma": [
                -5.971167796668434,
                -4.435392891151676
            ],
            "3sigma": [
                -5.998463816093892,
                -3.8250693285719786
            ],
            "5sigma": [
                -5.9993645252328,
                -2.3277966136056634
            ],
            "q75%": -5.126636867865083,
            "q25%": -5.775390276565462,
            "q99%": -4.159402471501048,
            "q01%": -5.9888278363864345,
            "q90%": -4.775681524272057,
            "q10%": -5.90003999428206
        },
        {
            "median": 0.7820584137944291,
            "sigma": 0.04037186604170362,
            "1sigma": [
                0.7434110760179687,
                0.824154808101376
            ],
            "2sigma": [
                0.7118217225765556,
                0.8714303217934738
            ],
            "3sigma": [
                0.6763177249915245,
                0.9285180375826655
            ],
            "5sigma": [
                0.6448724887030658,
                0.9989666872002984
            ],
            "q75%": 0.8111066876493578,
            "q25%": 0.7544029907654383,
            "q99%": 0.8923485853532712,
            "q01%": 0.6972391214977148,
            "q90%": 0.8409424109167422,
            "q10%": 0.7355084646808392
        },
        {
            "median": -2.237748239693681,
            "sigma": 0.5487664631603383,
            "1sigma": [
                -2.817068826027093,
                -1.7195358997064163
            ],
            "2sigma": [
                -3.3776150839789985,
                -1.336451353102918
            ],
            "3sigma": [
                -4.062810885689284,
                -1.0260883275688644
            ],
            "5sigma": [
                -5.180444453592316,
                -0.7478285774979454
            ],
            "q75%": -1.861647790579561,
            "q25%": -2.6511133160428004,
            "q99%": -1.2270237734879779,
            "q01%": -3.6655550151904395,
            "q90%": -1.5918742814079039,
            "q10%": -2.9863675905769376
        },
        {
            "median": -2.7991169910385842,
            "sigma": 0.8148065272119493,
            "1sigma": [
                -3.712014132655566,
                -2.0824010782316673
            ],
            "2sigma": [
                -4.828376746173588,
                -1.5852815725308498
            ],
            "3sigma": [
                -7.299726468675995,
                -1.3603954917582814
            ],
            "5sigma": [
                -7.993755978359174,
                -1.080391388606121
            ],
            "q75%": -2.276292192118761,
            "q25%": -3.3920708319010657,
            "q99%": -1.4900103702296226,
            "q01%": -5.642438479308892,
            "q90%": -1.9517678262967104,
            "q10%": -4.027506851614906
        },
        {
            "median": -6.440405308343112,
            "sigma": 1.1383969370136264,
            "1sigma": [
                -7.495948574908067,
                -5.219154700880814
            ],
            "2sigma": [
                -7.926934282715566,
                -4.307210053742564
            ],
            "3sigma": [
                -7.997385941882897,
                -3.2692494458324575
            ],
            "5sigma": [
                -7.997444391576068,
                -2.0812729227015283
            ],
            "q75%": -5.594909599411483,
            "q25%": -7.158187627417682,
            "q99%": -3.8479842404232576,
            "q01%": -7.9782967434870455,
            "q90%": -4.940346323003849,
            "q10%": -7.679133640118071
        }
    ]
}