{
    "modes": [
        {
            "index": 0,
            "strictly local log-evidence": 28800.47403621481,
            "strictly local log-evidence error": 0.03466082456507695,
            "local log-evidence": 28800.47403621481,
            "local log-evidence error": 0.03466082456507695,
            "mean": [
                462.9100330571907,
                0.030760592626049982,
                10.680408369663896,
                -0.4038221335731936,
                2.0247443050271463,
                -2.548226665778804,
                0.9632062867952179,
                -5.000154740142978,
                -4.858637169216752,
                -5.476056609012396
            ],
            "sigma": [
                9.82409173229114,
                0.05352360617120951,
                0.6292552438252915,
                0.21686876953486425,
                0.518253250794134,
                1.3572162127247753,
                0.031723508249170876,
                1.6892504604516323,
                1.7691134460215074,
                1.6069495942953855
            ],
            "maximum": [
                456.02013613700103,
                0.0014438880652350074,
                11.72747987613165,
                -0.6188209040078094,
                1.3824326888816767,
                -4.4015618727153525,
                0.9912797810689741,
                -4.454217808286106,
                -4.166785527111474,
                -6.182715573772395
            ],
            "maximum a posterior": [
                456.02013613700103,
                0.0014438880652350074,
                11.72747987613165,
                -0.6188209040078094,
                1.3824326888816767,
                -4.4015618727153525,
                0.9912797810689741,
                -4.454217808286106,
                -4.166785527111474,
                -6.182715573772395
            ]
        }
    ],
    "nested sampling global log-evidence": 28804.421551953797,
    "nested sampling global log-evidence error": 0.3205728247767521,
    "global evidence": 28800.47403621481,
    "global evidence error": 0.03466082456507695,
    "nested importance sampling global log-evidence": 28800.47403621481,
    "nested importance sampling global log-evidence error": 0.03466082456507695,
    "marginals": [
        {
            "median": 460.37092351419653,
            "sigma": 8.757936069287297,
            "1sigma": [
                454.2688208000018,
                471.78469293857637
            ],
            "2sigma": [
                449.7745809126028,
                488.15223734340395
            ],
            "3sigma": [
                445.5866546868416,
                518.7891089915645
            ],
            "5sigma": [
                442.5279335305188,
                559.6145323259509
            ],
            "q75%": 468.1530226996302,
            "q25%": 455.777965824655,
            "q99%": 494.10296296431875,
            "q01%": 447.59967637456805,
            "q90%": 474.8437628573072,
            "q10%": 452.699967054308
        },
        {
            "median": 0.01125269286294533,
            "sigma": 0.025087876409132456,
            "1sigma": [
                0.002351521462236069,
                0.05252727428050098
            ],
            "2sigma": [
                0.001131731140016771,
                0.1889930658892034
            ],
            "3sigma": [
                0.0010022055200282912,
                0.4690169032997417
            ],
            "5sigma": [
                0.0010022055200282912,
                0.62238950765575
            ],
            "q75%": 0.03633282127057771,
            "q25%": 0.0035344597792925417,
            "q99%": 0.24390718313339432,
            "q01%": 0.0010663423467068124,
            "q90%": 0.07884878977259177,
            "q10%": 0.0016660248245438463
        },
        {
            "median": 10.66663534653384,
            "sigma": 0.6991418894419317,
            "1sigma": [
                9.997161254528981,
                11.395445033412845
            ],
            "2sigma": [
                9.449261178634783,
                11.72591843194236
            ],
            "3sigma": [
                9.259065439714732,
                11.980611422821562
            ],
            "5sigma": [
                9.079180232649742,
                11.986786175282546
            ],
            "q75%": 11.190481531092873,
            "q25%": 10.234524566914217,
            "q99%": 11.845932271943958,
            "q01%": 9.27691333930971,
            "q90%": 11.512018136953266,
            "q10%": 9.826258206772346
        },
        {
            "median": -0.38217468735089744,
            "sigma": 0.23864915514996532,
            "1sigma": [
                -0.6421876713028792,
                -0.16488936100294863
            ],
            "2sigma": [
                -0.8332220230455748,
                -0.03712585206876631
            ],
            "3sigma": [
                -0.9837047225316612,
                -0.006018904162176943
            ],
            "5sigma": [
                -1.4501168523958907,
                -0.00029868143822091287
            ],
            "q75%": -0.2386658901273663,
            "q25%": -0.5708442821858049,
            "q99%": -0.018243981803887758,
            "q01%": -0.865860064445615,
            "q90%": -0.1192879345942085,
            "q10%": -0.6913174031528599
        },
        {
            "median": 2.0336651250690063,
            "sigma": 0.5959017575793745,
            "1sigma": [
                1.3948041687669728,
                2.5866076839257217
            ],
            "2sigma": [
                1.1421809479715432,
                2.9346402385836874
            ],
            "3sigma": [
                1.064976009890848,
                2.992491644078129
            ],
            "5sigma": [
                1.0631179417109922,
                2.9941762206454534
            ],
            "q75%": 2.4494964056764976,
            "q25%": 1.5905841231596856,
            "q99%": 2.9614035143789823,
            "q01%": 1.1015757092519538,
            "q90%": 2.714798319576126,
            "q10%": 1.2912172369427277
        },
        {
            "median": -2.574996130204436,
            "sigma": 1.6019580815495074,
            "1sigma": [
                -4.182389114690645,
                -0.9784729515916305
            ],
            "2sigma": [
                -4.779427586683205,
                -0.18003905517196023
            ],
            "3sigma": [
                -4.98726979995932,
                -0.0646554518150975
            ],
            "5sigma": [
                -4.989488438394027,
                -0.03406165618790578
            ],
            "q75%": -1.408291967639027,
            "q25%": -3.7435360593187887,
            "q99%": -0.10465299951170216,
            "q01%": -4.895062361140576,
            "q90%": -0.6888756141373247,
            "q10%": -4.38112833348255
        },
        {
            "median": 0.9701084604567516,
            "sigma": 0.029146475081810674,
            "1sigma": [
                0.9339607163830796,
                0.992253666546701
            ],
            "2sigma": [
                0.87369371767781,
                0.9985935048821398
            ],
            "3sigma": [
                0.8154493972518628,
                0.9996976369454802
            ],
            "5sigma": [
                0.7076900946412714,
                0.9998531696648598
            ],
            "q75%": 0.9882259797895417,
            "q25%": 0.9485539414635605,
            "q99%": 0.9994795986930927,
            "q01%": 0.8642780636984588,
            "q90%": 0.9948096402071032,
            "q10%": 0.919938962794129
        },
        {
            "median": -4.86547496411161,
            "sigma": 1.9607496236909205,