{
    "modes": [
        {
            "index": 0,
            "strictly local log-evidence": 28653.22168909862,
            "strictly local log-evidence error": 0.02791722415570846,
            "local log-evidence": 28653.22168909862,
            "local log-evidence error": 0.02791722415570846,
            "mean": [
                909.2696550022954,
                -0.8225863256772148,
                -2.7002498959441263,
                -2.2581021778628108,
                -0.4541905284937325
            ],
            "sigma": [
                20.48185605657277,
                0.1182039261821592,
                0.6751149245538051,
                0.7391143726023232,
                0.04471195183608956
            ],
            "maximum": [
                912.8826533774698,
                -0.8321129549878039,
                -2.1962752151723786,
                -1.6633560154297813,
                -0.4537925159086251
            ],
            "maximum a posterior": [
                912.8826533774698,
                -0.8321129549878039,
                -2.1962752151723786,
                -1.6633560154297813,
                -0.4537925159086251
            ]
        }
    ],
    "nested sampling global log-evidence": 28653.37915772772,
    "nested sampling global log-evidence error": 0.28721340615431606,
    "global evidence": 28653.22168909862,
    "global evidence error": 0.02791722415570846,
    "nested importance sampling global log-evidence": 28653.22168909862,
    "nested importance sampling global log-evidence error": 0.02791722415570846,
    "marginals": [
        {
            "median": 908.6904235047392,
            "sigma": 16.539867090426128,
            "1sigma": [
                891.5563036534811,
                924.6360378343334
            ],
            "2sigma": [
                869.941948729067,
                960.7248346914989
            ],
            "3sigma": [
                835.3134699256057,
                978.511018111243
            ],
            "5sigma": [
                764.7278056696524,
                989.210347682687
            ],
            "q75%": 918.9862614336455,
            "q25%": 897.600603472939,
            "q99%": 968.4528654182526,
            "q01%": 858.8126512646166,
            "q90%": 932.3150164511135,
            "q10%": 886.8461057806884
        },
        {
            "median": -0.7957068729168278,
            "sigma": 0.07966038432789929,
            "1sigma": [
                -0.8866257794409494,
                -0.7273050107851509
            ],
            "2sigma": [
                -1.1869088005214679,
                -0.6829734581741636
            ],
            "3sigma": [
                -1.2955834102311632,
                -0.6539071314945424
            ],
            "5sigma": [
                -1.6286767465362215,
                -0.6435974719066778
            ],
            "q75%": -0.7468392589731984,
            "q25%": -0.858403488935619,
            "q99%": -0.6720487830146638,
            "q01%": -1.2035361134062377,
            "q90%": -0.7134804744863136,
            "q10%": -0.9396312507076111
        },
        {
            "median": -2.551208872444876,
            "sigma": 0.403404195238944,
            "1sigma": [
                -3.031082253815762,
                -2.224273863337874
            ],
            "2sigma": [
                -4.8870079064605845,
                -1.9629759218740328
            ],
            "3sigma": [
                -6.4116030830068365,
                -1.6575588159626453
            ],
            "5sigma": [
                -7.869749551468359,
                -1.437289119153683
            ],
            "q75%": -2.3279792185638404,
            "q25%": -2.830454488239183,
            "q99%": -1.82816050460147,
            "q01%": -5.533022962636621,
            "q90%": -2.143659957527685,
            "q10%": -3.3452082753105814
        },
        {
            "median": -1.9985622713050808,
            "sigma": 0.5995564887871547,
            "1sigma": [
                -2.8916960332628254,
                -1.692583055688516
            ],
            "2sigma": [
                -4.172800538894293,
                -1.5163788401004747
            ],
            "3sigma": [
                -6.5216116373759245,
                -1.3892345473067056
            ],
            "5sigma": [
                -7.969678464647773,
                -1.0820780870344844
            ],
            "q75%": -1.7747621764363457,
            "q25%": -2.463073862807916,
            "q99%": -1.4708500761357979,
            "q01%": -4.575145708789654,
            "q90%": -1.6356740829629628,
            "q10%": -3.4609641554409047
        },
        {
            "median": -0.46111855114937156,
            "sigma": 0.03606203513255277,
            "1sigma": [
                -0.49184719313491193,
                -0.4197231228698064
            ],
            "2sigma": [
                -0.5229913825713661,
                -0.32971630279533654
            ],
            "3sigma": [
                -0.556378731297538,
                -0.30199639845269505
            ],
            "5sigma": [
                -0.7244956682398388,
                -0.2834843256840268
            ],
            "q75%": -0.434925886080758,
            "q25%": -0.48249355088371215,
            "q99%": -0.3232691829062136,
            "q01%": -0.5370258977740406,
            "q90%": -0.4049736051874022,
            "q10%": -0.5003915844315123
        }
    ]
}