{
    "modes": [
        {
            "index": 0,
            "strictly local log-evidence": 28819.155501245346,
            "strictly local log-evidence error": 0.0791450932073509,
            "local log-evidence": 28819.155501245346,
            "local log-evidence error": 0.0791450932073509,
            "mean": [
                289.56077337893134,
                170.4731675706278,
                2.063275242507587,
                -2.127872999389283,
                0.28647478236930213,
                9.573572913184995,
                -1.0968858121449279,
                1.9484532137623896,
                -3.2428957688349715,
                0.5399363224008956,
                -1.7898897067884798,
                -2.42323302857558
            ],
            "sigma": [
                52.98087649521708,
                80.72849375547054,
                2.3086840484422826,
                0.4965422438864261,
                0.9298487246229155,
                1.1470220875726163,
                0.5742680486554681,
                0.5132989518884753,
                1.5128086319230774,
                0.07013453057720347,
                0.5669298088202799,
                0.8826842937187028
            ],
            "maximum": [
                284.0026239819404,
                96.09988810568775,
                8.383931038123258,
                -2.063110858589522,
                0.09932985297624257,
                9.117726320258017,
                -0.8707505868562908,
                1.527667293902343,
                -4.948621999709973,
                0.5879265426403202,
                -1.4616579529853428,
                -2.9597448329086733
            ],
            "maximum a posterior": [
                284.0026239819404,
                96.09988810568775,
                8.383931038123258,
                -2.063110858589522,
                0.09932985297624257,
                9.117726320258017,
                -0.8707505868562908,
                1.527667293902343,
                -4.948621999709973,
                0.5879265426403202,
                -1.4616579529853428,
                -2.9597448329086733
            ]
        }
    ],
    "nested sampling global log-evidence": 28823.411815401436,
    "nested sampling global log-evidence error": 0.34044430288512084,
    "global evidence": 28819.155501245346,
    "global evidence error": 0.0791450932073509,
    "nested importance sampling global log-evidence": 28819.155501245346,
    "nested importance sampling global log-evidence error": 0.0791450932073509,
    "marginals": [
        {
            "median": 291.819070730448,
            "sigma": 55.188256291815264,
            "1sigma": [
                235.10938446875338,
                345.4858970523839
            ],
            "2sigma": [
                173.19089876381497,
                375.1713846151177
            ],
            "3sigma": [
                109.05067749129405,
                402.17113105572713
            ],
            "5sigma": [
                16.51419278968586,
                435.2349373137034
            ],
            "q75%": 331.150738717743,
            "q25%": 255.28195392570728,
            "q99%": 386.353390116681,
            "q01%": 155.5909714021449,
            "q90%": 355.77200676850623,
            "q10%": 217.7321911644965
        },
        {
            "median": 171.48223762483616,
            "sigma": 91.06499156085573,
            "1sigma": [
                79.34283631056353,
                261.472819432275
            ],
            "2sigma": [
                24.65747413819034,
                313.8679663114258
            ],
            "3sigma": [
                2.840918642083498,
                357.55643426103865
            ],
            "5sigma": [
                1.2521709460814439,
                555.2959539820599
            ],
            "q75%": 231.64491897247794,
            "q25%": 108.83661652445649,
            "q99%": 327.2642695886223,
            "q01%": 12.47903685979058,
            "q90%": 281.48133651146617,
            "q10%": 59.55833090554601
        },
        {
            "median": 1.1016337976288888,
            "sigma": 2.0538679037772822,
            "1sigma": [
                0.2869468306805383,
                4.3946826382351025
            ],
            "2sigma": [
                0.1255446714565466,
                8.609676744782252
            ],
            "3sigma": [
                0.10031799734936629,
                9.752520895736165
            ],
            "5sigma": [
                0.10031799734936629,
                9.954645256876551
            ],
            "q75%": 2.7074669395221207,
            "q25%": 0.42495947106047255,
            "q99%": 9.146285407043928,
            "q01%": 0.10956803264589118,
            "q90%": 5.822996731884522,
            "q10%": 0.20582359405589187
        },
        {
            "median": -2.1466837988370973,
            "sigma": 0.5303828160568261,
            "1sigma": [
                -2.6563312404417943,
                -1.595565608328142
            ],
            "2sigma": [
                -2.930488667323326,
                -1.07076478497508
            ],
            "3sigma": [
                -2.998044363118264,
                -0.018704528104328245
            ],
            "5sigma": [
                -2.9987795832850037,
                0.40808498670764126
            ],
            "q75%": -1.791108417308262,
            "q25%": -2.526799007106243,
            "q99%": -0.8095912978259882,
            "q01%": -2.9761229077245224,
            "q90%": -1.4866505221469033,
            "q10%": -2.777406488496311
        },
        {
            "median": 0.02259416743195324,
            "sigma": 0.12775991839521544,
            "1sigma": [
                0.0033932123806303563,
                0.2589130491710612
            ],
            "2sigma": [
                0.0012728319802195122,
                2.824725867184001
            ],
            "3sigma": [
                0.001000250673634843,
                8.152321788335856
            ],
            "5sigma": [
                0.0010001180916471232,
                9.337924485179364
            ],
            "q75%": 0.11656469129709475,
            "q25%": 0.005539973261626868,
            "q99%": 5.328478512088126,
            "q01%": 0.0010700071127076112,
            "q90%": 0.5463126116294273,
            "q10%": 0.0022441183235978207
        },
        {
            "median": 9.664941181924535,
            "sigma": 1.0902564570544868,
            "1sigma": [
                8.533681212620792,
                10.714194126729765
            ],
            "2sigma": [
                6.9190422516563075,
                11.3865225899553
            ],
            "3sigma": [
                5.573899170246563,
                11.9130091250306
            ],
            "5sigma": [
                4.336168300477801,
                11.959279575088022
            ],
            "q75%": 10.41776142262011,
            "q25%": 8.901597002218864,
            "q99%": 11.709398043194213,
            "q01%": 6.520826012366406,
            "q90%": 10.898279926214299,
            "q10%": 7.981779911480717
        },
        {
            "median": -1.0125962588963042,
            "sigma": 0.43706363844537005,
            "1sigma": [
                -1.5081421710176692,
                -0.6340148941269291
            ],
            "2sigma": [
                -2.5377659118499833,
                -0.21851051894848145
            ],
            "3sigma": [
                -4.281291034106386,
                -0.023241082015325876
            ],
            "5sigma": [
                -5.1027891914137795,
                -0.0009473324760600866
            ],
            "q75%": -0.7615939612522861,
            "q25%": -1.306796348780363,
            "q99%": -0.06511039761995058,
            "q01%": -3.3559944150842567,