{
    "modes": [
        {
            "index": 0,
            "strictly local log-evidence": -0.08185623545015065,
            "strictly local log-evidence error": 0.0658745789415741,
            "local log-evidence": -0.08185623545015065,
            "local log-evidence error": 0.0658745789415741,
            "mean": [
                515.9342389930961,
                -5.504111981982338,
                -1.483216589609373,
                0.8032735144704439,
                0.78700271699246,
                0.5437968555675381,
                -0.8168119183285103,
                -1.093186622485497,
                -4.693909328897381
            ],
            "sigma": [
                16.604129146906526,
                0.24420664412748172,
                2.204281254857904,
                0.0428257877341568,
                0.2774262094622386,
                0.28597588916081546,
                0.569324847037388,
                0.7824637581860104,
                1.6720633192921164
            ],
            "maximum": [
                517.5977848197128,
                -5.3909799535205085,
                -2.0197478950504326,
                0.82600371731876,
                0.906513136585108,
                0.746684364418033,
                -0.4459769859200353,
                -0.2534932289336833,
                -5.617339161290271
            ],
            "maximum a posterior": [
                530.7256334791632,
                -5.451656587167038,
                -3.8326504286262653,
                0.7956609558904628,
                0.8406038897215777,
                1.0452905492980087,
                -0.23569515658101547,
                -0.5443238324783204,
                -3.6614264852498177
            ]
        }
    ],
    "nested sampling global log-evidence": 28818.800208441535,
    "nested sampling global log-evidence error": 0.2252903405151148,
    "global evidence": -0.08185623545015065,
    "global evidence error": 0.0658745789415741,
    "nested importance sampling global log-evidence": -0.08185623545015065,
    "nested importance sampling global log-evidence error": 0.0658745789415741,
    "marginals": [
        {
            "median": 480.71141775857717,
            "sigma": 0.08294987249649921,
            "1sigma": [
                480.62846788608067,
                480.79436763107367
            ],
            "2sigma": [
                480.5959733125302,
                480.8268622046242
            ],
            "3sigma": [
                480.59022539432175,
                480.83261012283265
            ],
            "5sigma": [
                480.58989736196634,
                480.83293815518806
            ],
            "q75%": 480.77217799333874,
            "q25%": 480.6506575238156,
            "q99%": 480.83050781870986,
            "q01%": 480.59232769844454,
            "q90%": 480.8086341341957,
            "q10%": 480.6142013829587
        },
        {
            "median": -5.996389274005155,
            "sigma": 0.0,
            "1sigma": [
                -5.996389274005155,
                -5.996389274005155
            ],
            "2sigma": [
                -5.996389274005155,
                -5.996389274005155
            ],
            "3sigma": [
                -5.996389274005155,
                -5.996389274005155
            ],
            "5sigma": [
                -5.996389274005155,
                -5.996389274005155
            ],
            "q75%": -5.996389274005155,
            "q25%": -5.996389274005155,
            "q99%": -5.996389274005155,
            "q01%": -5.996389274005155,
            "q90%": -5.996389274005155,
            "q10%": -5.996389274005155
        },
        {
            "median": -5.98636109151644,
            "sigma": 0.0,
            "1sigma": [
                -5.98636109151644,
                -5.98636109151644
            ],
            "2sigma": [
                -5.98636109151644,
                -5.98636109151644
            ],
            "3sigma": [
                -5.98636109151644,
                -5.98636109151644
            ],
            "5sigma": [
                -5.98636109151644,
                -5.98636109151644
            ],
            "q75%": -5.98636109151644,
            "q25%": -5.98636109151644,
            "q99%": -5.98636109151644,
            "q01%": -5.98636109151644,
            "q90%": -5.98636109151644,
            "q10%": -5.98636109151644
        },
        {
            "median": 0.6794161244194613,
            "sigma": 2.4774387744175286e-05,
            "1sigma": [
                0.6793913500317171,
                0.6794408988072055
            ],
            "2sigma": [
                0.6793816449756334,
                0.6794506038632893
            ],
            "3sigma": [
                0.6656950094811472,
                0.6794523205766504
            ],
            "5sigma": [
                0.6129781764547828,
                0.6794524185490827
            ],
            "q75%": 0.6794342714951602,
            "q25%": 0.6793979773437624,
            "q99%": 0.6794516926878312,
            "q01%": 0.6672276533229627,
            "q90%": 0.6794451597405796,
            "q10%": 0.6793870890983431
        },
        {
            "median": 0.202336171459566,
            "sigma": 0.0,
            "1sigma": [
                0.202336171459566,
                0.202336171459566
            ],
            "2sigma": [
                0.202336171459566,
                0.202336171459566
            ],
            "3sigma": [
                0.202336171459566,
                0.202336171459566
            ],
            "5sigma": [
                0.202336171459566,
                0.202336171459566
            ],
            "q75%": 0.202336171459566,
            "q25%": 0.202336171459566,
            "q99%": 0.202336171459566,
            "q01%": 0.202336171459566,
            "q90%": 0.202336171459566,
            "q10%": 0.202336171459566
        },
        {
            "median": 0.000768263953980513,
            "sigma": 0.0,
            "1sigma": [
                0.000768263953980513,
                0.000768263953980513
            ],
            "2sigma": [
                0.000768263953980513,
                0.000768263953980513
            ],
            "3sigma": [
                0.000768263953980513,
                0.000768263953980513
            ],
            "5sigma": [
                0.000768263953980513,
                0.000768263953980513
            ],
            "q75%": 0.000768263953980513,
            "q25%": 0.000768263953980513,
            "q99%": 0.000768263953980513,
            "q01%": 0.000768263953980513,
            "q90%": 0.000768263953980513,
            "q10%": 0.000768263953980513
        },
        {
            "median": -4.065816147537054,
            "sigma": 0.04621713566845065,
            "1sigma": [
                -4.157330635715624,
                -4.064896364378723
            ],
            "2sigma": [
                -4.445239706104623,
                -4.064536050847316
            ],
            "3sigma": [
                -4.873340950779888,
                -4.064472315506869
            ],
            "5sigma": [
                -5.926589183439031,
                -4.064468678145812
            ],
            "q75%": -4.065142412437192,
            "q25%": -4.156053301810679,
            "q99%": -4.064495626741325,
            "q01%": -4.448272629000136,
            "q90%": -4.064738171377275,
            "q10%": -4.274232318242763
        },
        {
            "median": -7.795046045858968,
            "sigma": 0.009346582167887085,
            "1sigma": [
                -7.796489962012975,
                -7.777796797677201
            ],
            "2sigma": [
                -7.884497765905809,
                -7.769013655826858
            ],