{
    "modes": [
        {
            "index": 0,
            "strictly local log-evidence": 28818.20912923021,
            "strictly local log-evidence error": 0.05619149852016047,
            "local log-evidence": 28818.20912923021,
            "local log-evidence error": 0.05619149852016047,
            "mean": [
                503.5537486594891,
                0.035758603323464845,
                11.000985375388282,
                -0.47891295156090785,
                1.9897575907028437,
                -2.7489446133012465,
                0.7715716030846437,
                -2.181644889930205,
                -3.0436249350305187,
                -5.822803467559407
            ],
            "sigma": [
                9.097882572203265,
                0.060421672750624,
                0.6106139798145268,
                0.2817663522750643,
                0.5358253531814766,
                1.3972248901575688,
                0.03360051456357317,
                0.4541730279708715,
                1.05595389649377,
                1.4078539025900758
            ],
            "maximum": [
                504.1343231612486,
                0.0030506696094612647,
                11.713471395295512,
                -0.6142948890457429,
                1.6440721047556317,
                -2.505497680190128,
                0.7541144895170911,
                -2.1925027676737097,
                -2.988172870625972,
                -7.8995816969614285
            ],
            "maximum a posterior": [
                504.1343231612486,
                0.0030506696094612647,
                11.713471395295512,
                -0.6142948890457429,
                1.6440721047556317,
                -2.505497680190128,
                0.7541144895170911,
                -2.1925027676737097,
                -2.988172870625972,
                -7.8995816969614285
            ]
        }
    ],
    "nested sampling global log-evidence": 28821.870912533093,
    "nested sampling global log-evidence error": 0.338432089045529,
    "global evidence": 28818.20912923021,
    "global evidence error": 0.05619149852016047,
    "nested importance sampling global log-evidence": 28818.20912923021,
    "nested importance sampling global log-evidence error": 0.05619149852016047,
    "marginals": [
        {
            "median": 503.0532991360152,
            "sigma": 8.328005518124797,
            "1sigma": [
                495.13238498238184,
                511.78839601863143
            ],
            "2sigma": [
                486.39607474331183,
                522.3474853187003
            ],
            "3sigma": [
                480.8812221785611,
                548.0374027140357
            ],
            "5sigma": [
                462.2166020354835,
                609.1773137844536
            ],
            "q75%": 508.83036867920816,
            "q25%": 497.95154392393823,
            "q99%": 530.0546731149262,
            "q01%": 483.73071210060965,
            "q90%": 514.4601765751939,
            "q10%": 492.56967860932326
        },
        {
            "median": 0.011353773502590583,
            "sigma": 0.0344177476441479,
            "1sigma": [
                0.0026116265310834326,
                0.07144712181937923
            ],
            "2sigma": [
                0.0012288155588711528,
                0.20785791441329413
            ],
            "3sigma": [
                0.0010108763188443593,
                0.5831814928532087
            ],
            "5sigma": [
                0.0010108763188443593,
                0.9216606022702719
            ],
            "q75%": 0.0428166026244411,
            "q25%": 0.003775660512129455,
            "q99%": 0.26356920908507203,
            "q01%": 0.0011126132740886434,
            "q90%": 0.09073337550711316,
            "q10%": 0.0018018669511375184
        },
        {
            "median": 11.09892647751188,
            "sigma": 0.7120867551325363,
            "1sigma": [
                10.287885110753937,
                11.71205862101901
            ],
            "2sigma": [
                9.848245000648102,
                11.906495353541157
            ],
            "3sigma": [
                9.50748480326477,
                11.998944843755297
            ],
            "5sigma": [
                9.506341011378522,
                11.999554888902695
            ],
            "q75%": 11.50504599393382,
            "q25%": 10.502556467676458,
            "q99%": 11.966492325125744,
            "q01%": 9.674046765785889,
            "q90%": 11.810901305603371,
            "q10%": 10.13424243085312
        },
        {
            "median": -0.449925485698487,
            "sigma": 0.2783970491547531,
            "1sigma": [
                -0.7536933604439515,
                -0.19689926213444534
            ],
            "2sigma": [
                -1.0755249533860685,
                -0.05132466232070743
            ],
            "3sigma": [
                -1.8916008603684678,
                -0.0006308361136903165
            ],
            "5sigma": [
                -3.004431470116457,
                -0.00027349777495112566
            ],
            "q75%": -0.2716923271092071,
            "q25%": -0.6423687905270172,
            "q99%": -0.020117997294329695,
            "q01%": -1.3385124876993062,
            "q90%": -0.15153903939493615,
            "q10%": -0.8294530639775795
        },
        {
            "median": 1.9668094779155134,
            "sigma": 0.6136878146973335,
            "1sigma": [
                1.384810048570459,
                2.612185677965126
            ],
            "2sigma": [
                1.1071345596474325,
                2.928925740235539
            ],
            "3sigma": [
                1.050123379611748,
                2.9965947799855615
            ],
            "5sigma": [
                1.050123379611748,
                2.9975063379527547
            ],
            "q75%": 2.468752769449473,
            "q25%": 1.550303318612632,
            "q99%": 2.9700568337087088,
            "q01%": 1.0848826622211645,
            "q90%": 2.7083339912318225,
            "q10%": 1.2758870843682595
        },
        {
            "median": -2.7629073702354123,
            "sigma": 1.652410435169421,
            "1sigma": [
                -4.432662670903087,
                -1.127841800564245
            ],
            "2sigma": [
                -4.89788783511241,
                -0.22074611230791716
            ],
            "3sigma": [
                -4.992916700499304,
                -0.021544331808849307
            ],
            "5sigma": [
                -4.998644343172964,
                -0.0021162154384195835
            ],
            "q75%": -1.6764929225342198,
            "q25%": -4.021474759588313,
            "q99%": -0.10650818097709337,
            "q01%": -4.963808177763157,
            "q90%": -0.6972620987347157,
            "q10%": -4.615736928159033
        },
        {
            "median": 0.7726260191807514,
            "sigma": 0.033707051798518683,
            "1sigma": [
                0.7369634789683204,
                0.8043775825653577
            ],
            "2sigma": [
                0.7098525925739309,
                0.8338610401242335
            ],
            "3sigma": [
                0.6672108343617696,
                0.8739116206452456
            ],
            "5sigma": [
                0.5975040212104138,
                0.9142324011303612
            ],
            "q75%": 0.7948332228489812,
            "q25%": 0.7492723118087435,
            "q99%": 0.8479183180541413,
            "q01%": 0.6940274144292314,
            "q90%": 0.8140394509121914,
            "q10%": 0.7268728612724438
        },
        {
            "median": -2.140627464950841,
            "sigma": 0.4604976710451988,