{
    "modes": [
        {
            "index": 0,
            "strictly local log-evidence": 28818.217480625426,
            "strictly local log-evidence error": 0.07295280857412091,
            "local log-evidence": 28818.217480625426,
            "local log-evidence error": 0.07295280857412091,
            "mean": [
                291.0485318944999,
                166.26894389262011,
                1.2553780727049202,
                -2.1270932249456895,
                0.0705666960489082,
                9.629074430949037,
                -1.149730999466406,
                2.003599018505477,
                -3.3109869314323532,
                0.5468041723924078,
                -1.5339439464648732,
                -2.2931191000537,
                -6.517740425293486
            ],
            "sigma": [
                57.42458305534271,
                88.13785237099331,
                1.9776729461201925,
                0.5272384232339214,
                0.12750125215265729,
                0.8803812399020547,
                0.579001870141547,
                0.5164191306574072,
                1.5664631726074854,
                0.07240387139622967,
                0.4882462423352085,
                0.830252352664221,
                0.8859154538309503
            ],
            "maximum": [
                298.3371642638138,
                188.0779008832585,
                0.7781909961005491,
                -2.1710244605784554,
                0.033267373364202824,
                9.718307428912443,
                -0.9025920782017227,
                1.5246725332597642,
                -4.993932653743131,
                0.5600859220274788,
                -1.3806183814847817,
                -1.9964957961931376,
                -6.787196970931243
            ],
            "maximum a posterior": [
                298.3371642638138,
                188.0779008832585,
                0.7781909961005491,
                -2.1710244605784554,
                0.033267373364202824,
                9.718307428912443,
                -0.9025920782017227,
                1.5246725332597642,
                -4.993932653743131,
                0.5600859220274788,
                -1.3806183814847817,
                -1.9964957961931376,
                -6.787196970931243
            ]
        }
    ],
    "nested sampling global log-evidence": 28822.956581434282,
    "nested sampling global log-evidence error": 0.35207517453121245,
    "global evidence": 28818.217480625426,
    "global evidence error": 0.07295280857412091,
    "nested importance sampling global log-evidence": 28818.217480625426,
    "nested importance sampling global log-evidence error": 0.07295280857412091,
    "marginals": [
        {
            "median": 298.3318688118122,
            "sigma": 56.74254266746888,
            "1sigma": [
                234.2266269965748,
                347.71171233151256
            ],
            "2sigma": [
                163.10517044277321,
                379.6746646469472
            ],
            "3sigma": [
                65.68724476905791,
                399.1229132466692
            ],
            "5sigma": [
                9.660751921014857,
                441.27293885244615
            ],
            "q75%": 333.6518166478016,
            "q25%": 254.73725764898444,
            "q99%": 390.64846791057454,
            "q01%": 123.77408892945975,
            "q90%": 359.6782450881144,
            "q10%": 212.45239331299956
        },
        {
            "median": 165.25225742252613,
            "sigma": 97.87708948238017,
            "1sigma": [
                67.50392311286788,
                263.2581020776282
            ],
            "2sigma": [
                14.365438253639779,
                330.78177180917305
            ],
            "3sigma": [
                1.8817175314011423,
                408.2381901001119
            ],
            "5sigma": [
                0.013510295303951515,
                524.2904423962716
            ],
            "q75%": 234.26959593537694,
            "q25%": 94.2174097553232,
            "q99%": 349.05735883473983,
            "q01%": 6.920464892889746,
            "q90%": 283.60247086240787,
            "q10%": 48.925091340934614
        },
        {
            "median": 0.38328474997197026,
            "sigma": 1.3318875710409848,
            "1sigma": [
                0.04495209690933095,
                2.7087272389913006
            ],
            "2sigma": [
                0.01378936933998419,
                7.3834335864013285
            ],
            "3sigma": [
                0.010032224093590988,
                9.525428797996593
            ],
            "5sigma": [
                0.010004462760351203,
                9.963066497249013
            ],
            "q75%": 1.3768604398058508,
            "q25%": 0.08864628761856341,
            "q99%": 8.662397547373248,
            "q01%": 0.011051197973414044,
            "q90%": 4.1206580643466415,
            "q10%": 0.029940726388829997
        },
        {
            "median": -2.1961507684837254,
            "sigma": 0.5176497363828673,
            "1sigma": [
                -2.649568199551337,
                -1.6142687267856026
            ],
            "2sigma": [
                -2.9467140481599374,
                -0.9047323806145212
            ],
            "3sigma": [
                -2.989327988975358,
                -0.014510007508886489
            ],
            "5sigma": [
                -2.999812860537654,
                0.28712172976934297
            ],
            "q75%": -1.8051557211455436,
            "q25%": -2.506780714910479,
            "q99%": -0.5609146597796616,
            "q01%": -2.976932228670343,
            "q90%": -1.4162819939746953,
            "q10%": -2.7794484245532356
        },
        {
            "median": 0.02058904397425669,
            "sigma": 0.06244386999933902,
            "1sigma": [
                0.0033293476752956777,
                0.12821708767397372
            ],
            "2sigma": [
                0.001240435348778743,
                0.49376191501735917
            ],
            "3sigma": [
                0.0010082775240623394,
                0.9253782691792318
            ],
            "5sigma": [
                0.0010081702688833397,
                0.960486881383457
            ],
            "q75%": 0.07267924678857984,
            "q25%": 0.005874429650001227,
            "q99%": 0.6962620268749967,
            "q01%": 0.0010431411647748602,
            "q90%": 0.1962415129671489,
            "q10%": 0.0022664362786805822
        },
        {
            "median": 9.704753683457387,
            "sigma": 0.8840979079619515,
            "1sigma": [
                8.753627856227151,
                10.521823672151054
            ],
            "2sigma": [
                7.746564199777391,
                11.09027224153394
            ],
            "3sigma": [
                6.680776371881822,
                11.67152684380357
            ],
            "5sigma": [
                5.532058695181468,
                11.971035475521063
            ],
            "q75%": 10.255758861109593,
            "q25%": 9.02830206706184,
            "q99%": 11.258653742816948,
            "q01%": 7.276308925197629,
            "q90%": 10.73543450220282,
            "q10%": 8.43442444792174
        },
        {
            "median": -1.0127705948190588,
            "sigma": 0.3932326198120902,
            "1sigma": [
                -1.5171315297780346,
                -0.7306662901538542
            ],
            "2sigma": [
                -2.905643748604021,
                -0.38179906661665963
            ],
            "3sigma": [
                -4.149757652195965,
                -0.08052177531902958
            ],