{
    "modes": [
        {
            "index": 0,
            "strictly local log-evidence": 28813.942212918755,
            "strictly local log-evidence error": 0.10392872362461393,
            "local log-evidence": 28813.942212918755,
            "local log-evidence error": 0.10392872362461393,
            "mean": [
                220.0174900610235,
                119.298545343628,
                2.7160511555408124,
                -1.1570200475846963,
                -3.0245787893112865,
                1.5799658358390614,
                -2.745091090320103,
                0.03903058568133152,
                2.0033302794260495,
                -2.01746566625995,
                -2.4376339579219914,
                -5.255331989288795,
                -6.481689439855459
            ],
            "sigma": [
                60.39458688764983,
                80.51647119516946,
                1.5478259670203318,
                0.5636729488538184,
                1.6004422778808596,
                0.5216647570395527,
                1.2993793736019716,
                0.9826375981303902,
                0.5033927005588804,
                0.5016011608548422,
                1.0136283358346254,
                1.546170448005375,
                1.023635631853984
            ],
            "maximum": [
                129.09005185105215,
                97.9298083599211,
                0.6904572892505172,
                -0.1942724108986038,
                -3.568126460658279,
                1.6040422118281175,
                -5.381348073259377,
                1.6471936418044217,
                2.0041019569941456,
                -2.1057959262686348,
                -1.8118687570931105,
                -6.3174034351899175,
                -6.401193647329447
            ],
            "maximum a posterior": [
                129.09005185105215,
                97.9298083599211,
                0.6904572892505172,
                -0.1942724108986038,
                -3.568126460658279,
                1.6040422118281175,
                -5.381348073259377,
                1.6471936418044217,
                2.0041019569941456,
                -2.1057959262686348,
                -1.8118687570931105,
                -6.3174034351899175,
                -6.401193647329447
            ]
        }
    ],
    "nested sampling global log-evidence": 28818.93227882518,
    "nested sampling global log-evidence error": 0.30324919767307684,
    "global evidence": 28813.942212918755,
    "global evidence error": 0.10392872362461393,
    "nested importance sampling global log-evidence": 28813.942212918755,
    "nested importance sampling global log-evidence error": 0.10392872362461393,
    "marginals": [
        {
            "median": 213.43080395657742,
            "sigma": 61.534677963743164,
            "1sigma": [
                157.4142505097764,
                280.4836064372627
            ],
            "2sigma": [
                128.9790547230341,
                348.21745597353373
            ],
            "3sigma": [
                106.31846470461356,
                396.22673776256386
            ],
            "5sigma": [
                11.143101838967485,
                425.576388096904
            ],
            "q75%": 261.035897434763,
            "q25%": 169.42028007429496,
            "q99%": 373.859351358901,
            "q01%": 124.58189293099012,
            "q90%": 305.2312568852682,
            "q10%": 146.51578475890426
        },
        {
            "median": 105.22348231779598,
            "sigma": 83.41777076600206,
            "1sigma": [
                35.861023743444704,
                202.69656527544882
            ],
            "2sigma": [
                5.752007952188688,
                306.2304158715007
            ],
            "3sigma": [
                0.6563036438594705,
                392.939941814463
            ],
            "5sigma": [
                0.6563036438594705,
                577.7457405942533
            ],
            "q75%": 164.66958950565615,
            "q25%": 58.31906190648324,
            "q99%": 335.0397632417387,
            "q01%": 1.8812645203925684,
            "q90%": 240.96088167947013,
            "q10%": 23.59715031102969
        },
        {
            "median": 2.670903133251896,
            "sigma": 1.7481878027977755,
            "1sigma": [
                0.9100371117291217,
                4.406412717324673
            ],
            "2sigma": [
                0.1454315916756888,
                5.627772685516368
            ],
            "3sigma": [
                -0.0018684617193515775,
                5.919440172447896
            ],
            "5sigma": [
                -0.0020559152638313094,
                5.944285833014311
            ],
            "q75%": 3.8747093528479746,
            "q25%": 1.4872482710781647,
            "q99%": 5.855515374538471,
            "q01%": 0.053484040196982295,
            "q90%": 5.011247598946141,
            "q10%": 0.6521856610296517
        },
        {
            "median": -1.1412420633733908,
            "sigma": 0.5915676998259742,
            "1sigma": [
                -1.735498420096041,
                -0.5523630204440927
            ],
            "2sigma": [
                -2.331113984125784,
                -0.22117149658314822
            ],
            "3sigma": [
                -2.9648391603883226,
                0.05455505113761157
            ],
            "5sigma": [
                -2.986657627130456,
                0.08705303634690115
            ],
            "q75%": -0.7040844590234949,
            "q25%": -1.5579003722404514,
            "q99%": -0.1721682386565477,
            "q01%": -2.473603335649901,
            "q90%": -0.45737712308809253,
            "q10%": -1.9214949096461866
        },
        {
            "median": -2.8970965610495485,
            "sigma": 1.7555307262788986,
            "1sigma": [
                -4.83525920387413,
                -1.3241977513163325
            ],
            "2sigma": [
                -6.207561483711231,
                -0.40875595456260216
            ],
            "3sigma": [
                -7.372600749363563,
                -0.016976465683758973
            ],
            "5sigma": [
                -7.9527971246839275,
                -0.0022561449235755024
            ],
            "q75%": -1.8198455905510855,
            "q25%": -4.272824858013117,
            "q99%": -0.21608251275133136,
            "q01%": -6.691657280725931,
            "q90%": -0.8662043372642358,
            "q10%": -5.251797335322242
        },
        {
            "median": 1.6005614151098475,
            "sigma": 0.610123412010562,
            "1sigma": [
                0.9567505035790196,
                2.1769973276001435
            ],
            "2sigma": [
                0.6202614460177062,
                2.442467677914033
            ],
            "3sigma": [
                0.5191560624542688,
                2.495911838234471
            ],
            "5sigma": [
                0.5184364462540088,
                2.498646010152814
            ],
            "q75%": 2.0128110807816957,
            "q25%": 1.1511890220018524,
            "q99%": 2.4778710930660846,
            "q01%": 0.5473893168871401,
            "q90%": 2.2884757415722494,
            "q10%": 0.8611893648810213
        },
        {
            "median": -2.821907435761744,
            "sigma": 1.408444899890109,
            "1sigma": [
                -4.1314985828312265,
                -1.314608783051009
            ],
            "2sigma": [
                -5.317959735460058,
                -0.4730990660882228
            ],
            "3sigma": [
                -5.811212396928679,
                -0.023521321749551294
            ],
            "5sigma": [
                -5.91420090944977,
                -0.0007331886424429843
            ],