{
    "modes": [
        {
            "index": 0,
            "strictly local log-evidence": 28816.159407047126,
            "strictly local log-evidence error": 0.13764482912273812,
            "local log-evidence": 28816.159407047126,
            "local log-evidence error": 0.13764482912273812,
            "mean": [
                256.0804961813523,
                247.78213882190144,
                2.570810680777558,
                -1.9272408457896506,
                -4.512574848853204,
                0.6142737411031635,
                -1.8293548629152223,
                -2.1275839941773103,
                -5.553611913138109,
                -5.898574682853156
            ],
            "sigma": [
                79.45186250522049,
                98.43891094937143,
                1.559843644663304,
                0.7244691031851562,
                0.9498881950770715,
                0.08695241342382286,
                0.5857736210512668,
                0.9170895603498423,
                1.4903716814871033,
                0.9455902329932286
            ],
            "maximum": [
                224.3176990187514,
                287.7952549952117,
                4.5910087678392415,
                -1.9732857152374093,
                -5.063075300722184,
                0.6463745132181371,
                -1.6584460825797853,
                -1.307951521055477,
                -7.055431859743298,
                -6.470451129138513
            ],
            "maximum a posterior": [
                224.3176990187514,
                287.7952549952117,
                4.5910087678392415,
                -1.9732857152374093,
                -5.063075300722184,
                0.6463745132181371,
                -1.6584460825797853,
                -1.307951521055477,
                -7.055431859743298,
                -6.470451129138513
            ]
        }
    ],
    "nested sampling global log-evidence": 28820.326335698417,
    "nested sampling global log-evidence error": 0.42800842262069816,
    "global evidence": 28816.159407047126,
    "global evidence error": 0.13764482912273812,
    "nested importance sampling global log-evidence": 28816.159407047126,
    "nested importance sampling global log-evidence error": 0.13764482912273812,
    "marginals": [
        {
            "median": 257.1250116773942,
            "sigma": 87.41443465727808,
            "1sigma": [
                163.52281677947357,
                338.35168609402973
            ],
            "2sigma": [
                101.02118050161681,
                387.6995588634234
            ],
            "3sigma": [
                62.600028183784644,
                405.02418562563315
            ],
            "5sigma": [
                40.246036653078136,
                405.2148766334988
            ],
            "q75%": 319.3894055757053,
            "q25%": 200.53382958699302,
            "q99%": 401.45764118300434,
            "q01%": 94.11303399469188,
            "q90%": 362.3084845321014,
            "q10%": 140.58041211495353
        },
        {
            "median": 263.67953419625337,
            "sigma": 98.73120784179392,
            "1sigma": [
                146.08623162702327,
                343.5486473106111
            ],
            "2sigma": [
                24.118895592333295,
                394.62992665802665
            ],
            "3sigma": [
                2.173991058828088,
                446.5514532399507
            ],
            "5sigma": [
                2.173991058828088,
                487.55634937805894
            ],
            "q75%": 324.1225124264607,
            "q25%": 190.8968443634568,
            "q99%": 407.87479720832084,
            "q01%": 3.799346102457025,
            "q90%": 357.8240706373998,
            "q10%": 102.1939844492039
        },
        {
            "median": 2.324849141263049,
            "sigma": 1.7753931986794325,
            "1sigma": [
                0.8455292773544582,
                4.396315674713323
            ],
            "2sigma": [
                0.14213977622818844,
                5.640978502268449
            ],
            "3sigma": [
                -0.011933097248664426,
                5.93133572827377
            ],
            "5sigma": [
                -0.011933097248664426,
                5.9353808303058
            ],
            "q75%": 3.7990812140968204,
            "q25%": 1.2621528078961184,
            "q99%": 5.779108270707265,
            "q01%": 0.03716954871864185,
            "q90%": 4.727195381526015,
            "q10%": 0.5498827381212701
        },
        {
            "median": -2.024187782298625,
            "sigma": 0.7075790952626551,
            "1sigma": [
                -2.670637839442594,
                -1.2554796489172837
            ],
            "2sigma": [
                -2.9497103329303638,
                -0.12321748360837936
            ],
            "3sigma": [
                -2.9894087084551946,
                0.6804403185571792
            ],
            "5sigma": [
                -2.9894087084551946,
                0.9174830036185044
            ],
            "q75%": -1.4750275134302804,
            "q25%": -2.5104823416750173,
            "q99%": 0.271282982794284,
            "q01%": -2.978938251597476,
            "q90%": -0.9955991397717963,
            "q10%": -2.74526926313396
        },
        {
            "median": -4.674200017495441,
            "sigma": 0.8939969984724916,
            "1sigma": [
                -5.440820368892723,
                -3.65282637194774
            ],
            "2sigma": [
                -5.878582209750456,
                -2.3368231120783887
            ],
            "3sigma": [
                -5.988816826172863,
                -0.9710801386859096
            ],
            "5sigma": [
                -5.988816826172863,
                -0.8670272487139962
            ],
            "q75%": -4.002538793199051,
            "q25%": -5.173003868190066,
            "q99%": -1.3132989950616032,
            "q01%": -5.957346973692888,
            "q90%": -3.2150077894330433,
            "q10%": -5.586616180397341
        },
        {
            "median": 0.6146813126282716,
            "sigma": 0.0867951161511945,
            "1sigma": [
                0.525821672163817,
                0.699411904466206
            ],
            "2sigma": [
                0.44112589432164306,
                0.7650595281178667
            ],
            "3sigma": [
                0.3289742107737703,
                0.8522821598994021
            ],
            "5sigma": [
                0.25452811241364726,
                0.9238306879708073
            ],
            "q75%": 0.6717100184523969,
            "q25%": 0.5611543725953418,
            "q99%": 0.8209514609428628,
            "q01%": 0.3913232114169895,
            "q90%": 0.7192603247822826,
            "q10%": 0.49489140428022843
        },
        {
            "median": -1.7733546570343262,
            "sigma": 0.5998386702389993,
            "1sigma": [
                -2.4380769034838163,
                -1.2383995630058178
            ],
            "2sigma": [
                -3.098631694725731,
                -0.8911618067993311
            ],
            "3sigma": [
                -3.5505224647165186,
                -0.7441378577228576
            ],
            "5sigma": [
                -4.019202260826175,
                -0.6977902290183273
            ],
            "q75%": -1.3856496159662743,
            "q25%": -2.223561470175675,
            "q99%": -0.769167183167705,
            "q01%": -3.2471510124110723,
            "q90%": -1.0973906524201997,
            "q10%": -2.6768246074117186
        },
        {
            "median": -1.9763798696363006,
            "sigma": 0.9731337780774968,