{
    "modes": [
        {
            "index": 0,
            "strictly local log-evidence": 28814.323750001735,
            "strictly local log-evidence error": 0.0954657236136978,
            "local log-evidence": 28814.323750001735,
            "local log-evidence error": 0.0954657236136978,
            "mean": [
                532.3934683520325,
                -5.229691547408989,
                0.8163233680092178,
                -2.357807242514315,
                -5.510735728813673,
                -6.3785775379863185
            ],
            "sigma": [
                30.85518207113359,
                0.5038138185157967,
                0.043829882257428704,
                0.6328057352638088,
                1.5381161538265276,
                1.0751765764190453
            ],
            "maximum": [
                504.9374979456479,
                -5.803299326393544,
                0.7739474821279343,
                -2.595805494090116,
                -5.187832893451841,
                -7.845142130961598
            ],
            "maximum a posterior": [
                504.9374979456479,
                -5.803299326393544,
                0.7739474821279343,
                -2.595805494090116,
                -5.187832893451841,
                -7.845142130961598
            ]
        }
    ],
    "nested sampling global log-evidence": 28815.29355491056,
    "nested sampling global log-evidence error": 0.21236787860684142,
    "global evidence": 28814.323750001735,
    "global evidence error": 0.0954657236136978,
    "nested importance sampling global log-evidence": 28814.323750001735,
    "nested importance sampling global log-evidence error": 0.0954657236136978,
    "marginals": [
        {
            "median": 526.9210533206893,
            "sigma": 27.867912741850148,
            "1sigma": [
                504.1306768862803,
                559.8665023699806
            ],
            "2sigma": [
                489.65601117446664,
                609.4663754107108
            ],
            "3sigma": [
                482.8749636605355,
                682.5694742628576
            ],
            "5sigma": [
                457.48226463439653,
                796.7483827387857
            ],
            "q75%": 547.9149915575229,
            "q25%": 509.53801975261655,
            "q99%": 629.997340304566,
            "q01%": 487.59801780993945,
            "q90%": 574.1199927364337,
            "q10%": 499.02872205202243
        },
        {
            "median": -5.285876528111489,
            "sigma": 0.5311926573699224,
            "1sigma": [
                -5.759975356969595,
                -4.69759004222975
            ],
            "2sigma": [
                -5.957924673824639,
                -4.097922738952235
            ],
            "3sigma": [
                -5.99738346831234,
                -3.4171798270340124
            ],
            "5sigma": [
                -5.998694130675346,
                -2.471675445602227
            ],
            "q75%": -4.901347533161599,
            "q25%": -5.631263893637027,
            "q99%": -3.924315432755044,
            "q01%": -5.979330512539565,
            "q90%": -4.542798299350614,
            "q10%": -5.838019959929112
        },
        {
            "median": 0.8131163027337589,
            "sigma": 0.04403681143579463,
            "1sigma": [
                0.7713944626118676,
                0.8594680854834569
            ],
            "2sigma": [
                0.7392838685158968,
                0.9099984296774359
            ],
            "3sigma": [
                0.6975004310393345,
                0.9534131532572765
            ],
            "5sigma": [
                0.5940662139192929,
                0.9979424347699514
            ],
            "q75%": 0.8433954998365892,
            "q25%": 0.7861396427991257,
            "q99%": 0.9336159115576088,
            "q01%": 0.7223568421022426,
            "q90%": 0.873252243144576,
            "q10%": 0.7620461782293718
        },
        {
            "median": -2.333686813100687,
            "sigma": 0.6950978758502101,
            "1sigma": [
                -3.039654643891095,
                -1.649458892190675
            ],
            "2sigma": [
                -3.630625624361498,
                -1.2960865995438695
            ],
            "3sigma": [
                -4.297316236930563,
                -1.1250905795597708
            ],
            "5sigma": [
                -5.583532952186023,
                -1.1097336177244608
            ],
            "q75%": -1.8691419301018337,
            "q25%": -2.8161488936978807,
            "q99%": -1.229641593550511,
            "q01%": -3.851099399925929,
            "q90%": -1.511322460272511,
            "q10%": -3.2054463540927434
        },
        {
            "median": -5.6769856429749215,
            "sigma": 1.7234103358126753,
            "1sigma": [
                -7.23268837769574,
                -3.7858677060703894
            ],
            "2sigma": [
                -7.883626029670017,
                -2.4208814033620656
            ],
            "3sigma": [
                -7.98576377826432,
                -1.6762042139521607
            ],
            "5sigma": [
                -7.99011337213973,
                -1.2025459052996508
            ],
            "q75%": -4.298911724945344,
            "q25%": -6.8531721566804205,
            "q99%": -2.0973739486258554,
            "q01%": -7.955975060965562,
            "q90%": -3.4026305018466716,
            "q10%": -7.48959172597596
        },
        {
            "median": -6.544701762567562,
            "sigma": 1.1179057753013932,
            "1sigma": [
                -7.484383936093752,
                -5.248572385490966
            ],
            "2sigma": [
                -7.921831205227832,
                -3.95150770614682
            ],
            "3sigma": [
                -7.997405491206396,
                -3.1319570860413632
            ],
            "5sigma": [
                -7.998423836370479,
                -1.9154431833180194
            ],
            "q75%": -5.684610275522457,
            "q25%": -7.252191226049761,
            "q99%": -3.592487916012769,
            "q01%": -7.967768274202001,
            "q90%": -4.761503481654809,
            "q10%": -7.659930793290129
        }
    ]
}