{
    "modes": [
        {
            "index": 0,
            "strictly local log-evidence": 28817.738922793156,
            "strictly local log-evidence error": 0.10086557616340301,
            "local log-evidence": 28817.738922793156,
            "local log-evidence error": 0.10086557616340301,
            "mean": [
                504.36166396507554,
                0.044217038599313564,
                10.92065875546565,
                -0.47327712980614045,
                1.9859846850484495,
                -2.6516625341539233,
                0.7717371963674463,
                -2.102532400867441,
                -2.9609075644236373,
                -5.692085317610371,
                -6.344669469058579
            ],
            "sigma": [
                9.145035051125998,
                0.07915810339164109,
                0.6263930227949096,
                0.2720439911052434,
                0.5334350176752414,
                1.3921937112608747,
                0.032453024311129605,
                0.4926597122086461,
                1.0054535594355785,
                1.3842692336285685,
                0.993122871520847
            ],
            "maximum": [
                498.3474867658587,
                0.04581250907693356,
                10.50458381054359,
                -0.38932518674612915,
                1.3959998002191667,
                -3.454072090182632,
                0.7806858562267824,
                -1.9821063541867279,
                -2.6026799864886065,
                -7.179825896951157,
                -6.266906325047195
            ],
            "maximum a posterior": [
                498.3474867658587,
                0.04581250907693356,
                10.50458381054359,
                -0.38932518674612915,
                1.3959998002191667,
                -3.454072090182632,
                0.7806858562267824,
                -1.9821063541867279,
                -2.6026799864886065,
                -7.179825896951157,
                -6.266906325047195
            ]
        }
    ],
    "nested sampling global log-evidence": 28820.88991279376,
    "nested sampling global log-evidence error": 0.24928177836904208,
    "global evidence": 28817.738922793156,
    "global evidence error": 0.10086557616340301,
    "nested importance sampling global log-evidence": 28817.738922793156,
    "nested importance sampling global log-evidence error": 0.10086557616340301,
    "marginals": [
        {
            "median": 503.7835498382804,
            "sigma": 8.460050422340686,
            "1sigma": [
                495.9330276271891,
                512.8531284718705
            ],
            "2sigma": [
                487.68945520281676,
                523.8473755684181
            ],
            "3sigma": [
                481.3558699515245,
                542.1021357818519
            ],
            "5sigma": [
                460.94828496530835,
                629.942053569233
            ],
            "q75%": 509.61236503237507,
            "q25%": 498.2901777423904,
            "q99%": 529.5448664070276,
            "q01%": 485.04604672921164,
            "q90%": 516.34417101606,
            "q10%": 493.4440096162744
        },
        {
            "median": 0.014717485901480596,
            "sigma": 0.03988958221845007,
            "1sigma": [
                0.003350914522294757,
                0.0831300789591949
            ],
            "2sigma": [
                0.0013759377021530538,
                0.24560865926916872
            ],
            "3sigma": [
                0.0010134048599274297,
                0.7393990575362612
            ],
            "5sigma": [
                0.0010092184381191361,
                0.9760409111386869
            ],
            "q75%": 0.047565359760384264,
            "q25%": 0.005152013840846672,
            "q99%": 0.3834587495396405,
            "q01%": 0.0011773562109413352,
            "q90%": 0.12169545926612416,
            "q10%": 0.002458550344979522
        },
        {
            "median": 10.961549869543061,
            "sigma": 0.7022105801496723,
            "1sigma": [
                10.208948163130758,
                11.613369323430103
            ],
            "2sigma": [
                9.743132578372528,
                11.923603161706742
            ],
            "3sigma": [
                9.451117889212343,
                11.996227362353288
            ],
            "5sigma": [
                9.039502235788989,
                11.999744090322487
            ],
            "q75%": 11.454457077774045,
            "q25%": 10.42830614309478,
            "q99%": 11.957340044558402,
            "q01%": 9.588773074978935,
            "q90%": 11.74079118884934,
            "q10%": 10.030702633572938
        },
        {
            "median": -0.4574510848549083,
            "sigma": 0.269594816751689,
            "1sigma": [
                -0.7371764061262637,
                -0.19798677262288567
            ],
            "2sigma": [
                -0.9866817570596028,
                -0.04016967764526994
            ],
            "3sigma": [
                -1.952110047816998,
                -0.003660474918264419
            ],
            "5sigma": [
                -3.65589000737265,
                -0.0005916557560436739
            ],
            "q75%": -0.28170322782156715,
            "q25%": -0.6308799940516664,
            "q99%": -0.014415197179542646,
            "q01%": -1.1977553641536598,
            "q90%": -0.1282892947895796,
            "q10%": -0.8104017393059674
        },
        {
            "median": 1.9971759638673217,
            "sigma": 0.6138117187477804,
            "1sigma": [
                1.369874215138471,
                2.597497652634032
            ],
            "2sigma": [
                1.1066581011311638,
                2.9189324733364828
            ],
            "3sigma": [
                1.0597140622784051,
                2.9775545428732983
            ],
            "5sigma": [
                1.050486299641047,
                2.9970104925616465
            ],
            "q75%": 2.396288161491635,
            "q25%": 1.5286821172112848,
            "q99%": 2.951702160887557,
            "q01%": 1.0745829104505387,
            "q90%": 2.7488751979854347,
            "q10%": 1.24469356333727
        },
        {
            "median": -2.753904492131619,
            "sigma": 1.622685539908959,
            "1sigma": [
                -4.228702295855973,
                -0.9833312160380547
            ],
            "2sigma": [
                -4.862104412830662,
                -0.16459936318445392
            ],
            "3sigma": [
                -4.998299969590423,
                -0.011620030835726405
            ],
            "5sigma": [
                -4.999749568389357,
                -0.004778317387957042
            ],
            "q75%": -1.4893982213321235,
            "q25%": -3.8599149409074403,
            "q99%": -0.0674766889639156,
            "q01%": -4.95351134702649,
            "q90%": -0.6483150083298874,
            "q10%": -4.473157521290542
        },
        {
            "median": 0.7729729317220918,
            "sigma": 0.03182003321024934,
            "1sigma": [
                0.7395886814938415,
                0.8032287479143402
            ],
            "2sigma": [
                0.7053333583192446,
                0.8350918189660298
            ],
            "3sigma": [
                0.6721152501846825,
                0.8813154430136597
            ],
            "5sigma": [
                0.5916223952808434,
                0.9324179529120287
            ],
            "q75%": 0.7939595273726777,
            "q25%": 0.7498429378910804,
            "q99%": 0.8488310888423924,
            "q01%": 0.6928408119316665,
            "q90%": 0.8104759428147742,