{
    "modes": [
        {
            "index": 0,
            "strictly local log-evidence": 28804.149925165628,
            "strictly local log-evidence error": 0.6194616674796568,
            "local log-evidence": 28804.149925165628,
            "local log-evidence error": 0.6194616674796568,
            "mean": [
                456.1131471987108,
                0.043209759460821145,
                10.224951688776311,
                -0.4150981452599973,
                2.0698122162205466,
                -1.4488312195995676,
                -4.689528858010667,
                -4.804275882142762,
                -4.801745996130051,
                -5.342168131151112
            ],
            "sigma": [
                12.12552705665807,
                0.03701919088554077,
                0.3515698420022651,
                0.281587590918808,
                0.4986550140513637,
                1.7707062458570266,
                1.837884374962463,
                1.7340164756096375,
                1.6588457386663948,
                1.5701680747220583
            ],
            "maximum": [
                566.9715040609398,
                0.22791325686839514,
                11.595434796791896,
                -2.47145798296651,
                1.8835195288335524,
                -2.510249722222215,
                -3.2605945188537806,
                -5.981602303500018,
                -3.77736803074591,
                -4.87753854857519
            ],
            "maximum a posterior": [
                566.9715040609398,
                0.22791325686839514,
                11.595434796791896,
                -2.47145798296651,
                1.8835195288335524,
                -2.510249722222215,
                -3.2605945188537806,
                -5.981602303500018,
                -3.77736803074591,
                -4.87753854857519
            ]
        }
    ],
    "nested sampling global log-evidence": 28806.53357314573,
    "nested sampling global log-evidence error": 0.42379468722648,
    "global evidence": 28804.149925165628,
    "global evidence error": 0.6194616674796568,
    "nested importance sampling global log-evidence": 28804.149925165628,
    "nested importance sampling global log-evidence error": 0.6194616674796568,
    "marginals": [
        {
            "median": 454.8394877672057,
            "sigma": 4.856353802338788,
            "1sigma": [
                449.94761835545216,
                459.66032596012974
            ],
            "2sigma": [
                446.6053678363713,
                470.97903920984527
            ],
            "3sigma": [
                441.668297059071,
                566.9178419826388
            ],
            "5sigma": [
                435.95975092069034,
                590.0885041160038
            ],
            "q75%": 457.72108282025704,
            "q25%": 451.5054910421606,
            "q99%": 479.2012379574962,
            "q01%": 445.5631383089435,
            "q90%": 461.0448249825417,
            "q10%": 449.2778824980828
        },
        {
            "median": 0.033439264431128865,
            "sigma": 0.02486415444584785,
            "1sigma": [
                0.015816841720600803,
                0.0655451506122965
            ],
            "2sigma": [
                0.011311814033906336,
                0.15612418593485536
            ],
            "3sigma": [
                0.010349262162609205,
                0.22775660814474777
            ],
            "5sigma": [
                0.010306162785525036,
                0.7761635684571002
            ],
            "q75%": 0.05078388870664963,
            "q25%": 0.019284674279840985,
            "q99%": 0.2086423175256152,
            "q01%": 0.010798716180433678,
            "q90%": 0.0837366932578489,
            "q10%": 0.014274877868191215
        },
        {
            "median": 10.20846155162868,
            "sigma": 0.35117649033107323,
            "1sigma": [
                9.872532329028173,
                10.57488530969032
            ],
            "2sigma": [
                9.512068778670075,
                10.81780803068402
            ],
            "3sigma": [
                9.325674602578012,
                11.594670904881418
            ],
            "5sigma": [
                9.3234201855756,
                11.980766141294012
            ],
            "q75%": 10.480698544386764,
            "q25%": 9.978638767563597,
            "q99%": 10.991460647513,
            "q01%": 9.42137266318252,
            "q90%": 10.651970827689905,
            "q10%": 9.783239131275392
        },
        {
            "median": -0.3808279350618543,
            "sigma": 0.21757587683306673,
            "1sigma": [
                -0.6286327764790075,
                -0.19348102281287408
            ],
            "2sigma": [
                -0.8343585368178177,
                -0.03315056060912545
            ],
            "3sigma": [
                -2.4717668278819764,
                -0.004386358134628833
            ],
            "5sigma": [
                -2.8171042603727368,
                -0.0031485043408727405
            ],
            "q75%": -0.2567155790555491,
            "q25%": -0.5377810241386984,
            "q99%": -0.018760916458988603,
            "q01%": -1.0992769168687864,
            "q90%": -0.14468305626165873,
            "q10%": -0.6649159476754181
        },
        {
            "median": 2.077301121148958,
            "sigma": 0.556735122051581,
            "1sigma": [
                1.4955816880935684,
                2.6090519321967305
            ],
            "2sigma": [
                1.1507854268298052,
                2.9432856565573684
            ],
            "3sigma": [
                1.057718774320476,
                2.9775375354662024
            ],
            "5sigma": [
                1.057718774320476,
                2.990568867817415
            ],
            "q75%": 2.4616706925037093,
            "q25%": 1.7018317041318525,
            "q99%": 2.9684791819432776,
            "q01%": 1.0896773309770482,
            "q90%": 2.7582228187564426,
            "q10%": 1.3416647672032804
        },
        {
            "median": -1.506975814379166,
            "sigma": 2.078353145369195,
            "1sigma": [
                -3.445818650897057,
                0.7108876398413324
            ],
            "2sigma": [
                -4.666572620001861,
                1.660175024961338
            ],
            "3sigma": [
                -4.90456635337724,
                1.9261455205190587
            ],
            "5sigma": [
                -4.916932676179103,
                1.929648148867437
            ],
            "q75%": -0.07091165418348931,
            "q25%": -2.74112450448907,
            "q99%": 1.8466166536977795,
            "q01%": -4.754880443603316,
            "q90%": 1.0843998732801603,
            "q10%": -3.966708381468277
        },
        {
            "median": -4.7012945087182745,
            "sigma": 2.076714109608816,
            "1sigma": [
                -6.82137173523262,
                -2.6679435160149874
            ],
            "2sigma": [
                -7.845386009924646,
                -1.7084520248596322
            ],
            "3sigma": [
                -7.998310180607013,
                -1.4605649735839803
            ],
            "5sigma": [
                -7.999652142587675,
                -0.7189338636112177
            ],
            "q75%": -3.0920269141106864,
            "q25%": -6.3987555650707915,
            "q99%": -1.612298007845755,
            "q01%": -7.9043878185923315,
            "q90%": -2.270634481677717,
            "q10%": -7.26120243730615
        },
        {
            "median": -4.905254227307132,
            "sigma": 1.9316809939704964,