{
    "modes": [
        {
            "index": 0,
            "strictly local log-evidence": 28810.638609157795,
            "strictly local log-evidence error": 0.02943302261160144,
            "local log-evidence": 28810.638609157795,
            "local log-evidence error": 0.02943302261160144,
            "mean": [
                146.92139534192947,
                66.16888674736042,
                3.2345549214272333,
                0.4035201294399575,
                -0.9396812585448467,
                -1.329101295589522,
                -5.242874642204964,
                -6.076784787288317
            ],
            "sigma": [
                29.303475341613765,
                37.82373416021937,
                1.5926734476616264,
                0.2903693709891754,
                0.19331161226759724,
                0.4139038745288829,
                1.6841645087331347,
                1.0930593504645365
            ],
            "maximum": [
                162.47351749218595,
                28.471480797558417,
                3.410330086886483,
                0.44749466655683134,
                -0.7619329447460252,
                -0.8229006014562099,
                -7.059455950092552,
                -7.091694022699958
            ],
            "maximum a posterior": [
                162.47351749218595,
                28.471480797558417,
                3.410330086886483,
                0.44749466655683134,
                -0.7619329447460252,
                -0.8229006014562099,
                -7.059455950092552,
                -7.091694022699958
            ]
        }
    ],
    "nested sampling global log-evidence": 28812.76316819947,
    "nested sampling global log-evidence error": 0.2510606516709706,
    "global evidence": 28810.638609157795,
    "global evidence error": 0.02943302261160144,
    "nested importance sampling global log-evidence": 28810.638609157795,
    "nested importance sampling global log-evidence error": 0.02943302261160144,
    "marginals": [
        {
            "median": 144.46008694824565,
            "sigma": 30.832759079227124,
            "1sigma": [
                115.86340726328045,
                177.5289254217347
            ],
            "2sigma": [
                101.81393367232081,
                208.41898926657785
            ],
            "3sigma": [
                92.52557359501172,
                231.16789417269433
            ],
            "5sigma": [
                90.2260612761988,
                343.9015689273999
            ],
            "q75%": 167.865351345431,
            "q25%": 123.32047753705072,
            "q99%": 217.580867775213,
            "q01%": 98.30207724632251,
            "q90%": 186.4514867592136,
            "q10%": 110.83249189843792
        },
        {
            "median": 64.17226676001586,
            "sigma": 40.042714308865555,
            "1sigma": [
                24.908046060169205,
                104.99347467790031
            ],
            "2sigma": [
                5.661788807648921,
                145.72105568132784
            ],
            "3sigma": [
                0.4195452858969411,
                186.26600342328024
            ],
            "5sigma": [
                0.07970464527944573,
                215.25882327686085
            ],
            "q75%": 92.63734435378508,
            "q25%": 35.83757778436936,
            "q99%": 160.36672150359684,
            "q01%": 3.8460241136959668,
            "q90%": 116.07970019475248,
            "q10%": 16.25752624797757
        },
        {
            "median": 3.305673409098839,
            "sigma": 1.8441787795769877,
            "1sigma": [
                1.3802579238048516,
                5.068615482958827
            ],
            "2sigma": [
                0.356163839493189,
                5.773771361260921
            ],
            "3sigma": [
                0.05154184822579849,
                5.988436471935366
            ],
            "5sigma": [
                0.00423675216592434,
                5.996307570864456
            ],
            "q75%": 4.606221016195783,
            "q25%": 1.9090667418469929,
            "q99%": 5.901357787408033,
            "q01%": 0.174416979283108,
            "q90%": 5.360278449156763,
            "q10%": 0.9781244541685991
        },
        {
            "median": 0.4188792471303996,
            "sigma": 0.30084695292545605,
            "1sigma": [
                0.10002570022010923,
                0.7017196060710214
            ],
            "2sigma": [
                -0.19881390339194568,
                0.8959539348046046
            ],
            "3sigma": [
                -0.44748651417955687,
                0.9954262417210428
            ],
            "5sigma": [
                -0.9507641268342374,
                0.9983045203920181
            ],
            "q75%": 0.6203942617461518,
            "q25%": 0.2136642064783124,
            "q99%": 0.9574817227398452,
            "q01%": -0.2761304956750032,
            "q90%": 0.7888009703532868,
            "q10%": 0.010068992220798332
        },
        {
            "median": -0.9156733622122509,
            "sigma": 0.18910839176991256,
            "1sigma": [
                -1.12822490105421,
                -0.7500081175143849
            ],
            "2sigma": [
                -1.3794044776666463,
                -0.6301863334493832
            ],
            "3sigma": [
                -1.5807591825461955,
                -0.5562306899466041
            ],
            "5sigma": [
                -2.1581274487803936,
                -0.5163890228279637
            ],
            "q75%": -0.7972793011116599,
            "q25%": -1.0509972952112596,
            "q99%": -0.6027954016926541,
            "q01%": -1.4531685719587533,
            "q90%": -0.7056285749751955,
            "q10%": -1.2111390174494379
        },
        {
            "median": -1.2212972745527462,
            "sigma": 0.39187055353946404,
            "1sigma": [
                -1.7383010767166738,
                -0.9545599696377457
            ],
            "2sigma": [
                -2.3512361093153884,
                -0.8064663234561552
            ],
            "3sigma": [
                -3.2723384064888297,
                -0.7160031070706281
            ],
            "5sigma": [
                -5.848921975772298,
                -0.6055043464652394
            ],
            "q75%": -1.0292186254726874,
            "q25%": -1.53940736081147,
            "q99%": -0.7503609797990479,
            "q01%": -2.663860052175265,
            "q90%": -0.8953970813640109,
            "q10%": -1.8805167948338313
        },
        {
            "median": -5.380854507163159,
            "sigma": 1.9213891945188035,
            "1sigma": [
                -7.122271544990388,
                -3.2794931559527813
            ],
            "2sigma": [
                -7.795526094496517,
                -1.9114925885843783
            ],
            "3sigma": [
                -7.994322944401278,
                -1.2556698223702523
            ],
            "5sigma": [
                -7.998476461667346,
                -0.9098222782757671
            ],
            "q75%": -3.9336424914900623,
            "q25%": -6.672280147677422,
            "q99%": -1.63142743156831,
            "q01%": -7.89770541444379,
            "q90%": -2.8441986834592003,
            "q10%": -7.3915860974478305
        },
        {
            "median": -6.15780098457526,
            "sigma": 1.1655102278601017,
            "1sigma": [
                -7.246140358729975,
                -4.915119903009772
            ],
            "2sigma": [
                -7.852743199006338,
                -3.783002191896207
            ],
            "3sigma": [
                -7.99828714441389,
                -2.842319917241531
            ],